index,x,y
0,0.0,2.895258810717765
1,0.0031447373909807737,0.6679203865121623
2,0.006289474781961547,2.584422397543964
3,0.009434212172942321,3.3563791314541884
4,0.012578949563923095,2.1266506348596157
5,0.01572368695490387,4.632979835299926
6,0.018868424345884642,4.301836640578786
7,0.022013161736865416,2.0413536668636656
8,0.02515789912784619,0.8769712150647762
9,0.028302636518826963,0.9967368602695086
10,0.03144737390980774,0.6878081285530305
11,0.034592111300788514,1.8121092396826162
12,0.037736848691769284,2.099477129794659
13,0.040881586082750054,1.5456562408875125
14,0.04402632347373083,1.2536118212432497
15,0.04717106086471161,1.9620885096405027
16,0.05031579825569238,1.1050888238235588
17,0.05346053564667315,7.646385854428875
18,0.056605273037653926,2.0141130484660517
19,0.0597500104286347,1.7908385081845164
20,0.06289474781961547,0.8418189501807029
21,0.06603948521059624,0.13166593177943353
22,0.06918422260157703,1.5607459509608115
23,0.0723289599925578,1.0293766801658795
24,0.07547369738353857,0.7780978267563404
25,0.07861843477451934,0.9756452374970883
26,0.08176317216550011,12.777109169650085
27,0.08490790955648089,3.0091171675869246
28,0.08805264694746166,0.5722304850071341
29,0.09119738433844243,4.952684784746601
30,0.09434212172942322,29.306764633958398
31,0.09748685912040399,0.2223479460312343
32,0.10063159651138476,1.5380490681837957
33,0.10377633390236553,2.8267575069425135
34,0.1069210712933463,2.352422255758162
35,0.11006580868432708,1.068921366504714
36,0.11321054607530785,5.87237976883506
37,0.11635528346628862,0.6493626634296031
38,0.1195000208572694,1.2356607794643686
39,0.12264475824825018,0.08980273881493339
40,0.12578949563923095,1.1516452985929033
41,0.12893423303021173,0.6919634394923586
42,0.1320789704211925,0.430666236490749
43,0.13522370781217327,2.6051268635219467
44,0.13836844520315406,1.5874320046422254
45,0.1415131825941348,1.5880824617450398
46,0.1446579199851156,0.6260867477722413
47,0.14780265737609635,0.9172582819529882
48,0.15094739476707714,2.544234853377149
49,0.15409213215805792,1.136426816381382
50,0.15723686954903868,1.0272783771605143
51,0.16038160694001946,2.6098153539895317
52,0.16352634433100022,2.832574573143829
53,0.166671081721981,1.4073325750451673
54,0.16981581911296179,0.288591051507458
55,0.17296055650394254,2.8775851372565926
56,0.17610529389492333,1.1448741133405118
57,0.1792500312859041,2.5115620223338064
58,0.18239476867688487,0.09742055970621055
59,0.18553950606786565,1.291936258498382
60,0.18868424345884643,2.431845200524618
61,0.1918289808498272,1.274830179930576
62,0.19497371824080797,0.4404326719242031
63,0.19811845563178873,2.1687981246631454
64,0.20126319302276952,0.48915381320240126
65,0.2044079304137503,2.4758960918657884
66,0.20755266780473106,1.856187503528021
67,0.21069740519571184,1.8341441563786844
68,0.2138421425866926,1.7344869409934809
69,0.21698687997767338,1.5605836349431839
70,0.22013161736865416,1.5948389982073128
71,0.22327635475963492,1.0842716252747373
72,0.2264210921506157,2.0088745366802057
73,0.2295658295415965,2.30860485888706
74,0.23271056693257725,0.8333681226691512
75,0.23585530432355803,0.8581615857937697
76,0.2390000417145388,1.1387408091046562
77,0.24214477910551957,1.6320827725756393
78,0.24528951649650035,-0.2960409986472512
79,0.2484342538874811,2.1431409060799327
80,0.2515789912784619,2.6330063169851092
81,0.25472372866944265,2.216993018050606
82,0.25786846606042346,1.7008000862501913
83,0.2610132034514042,5.458817103268464
84,0.264157940842385,1.3958731036570462
85,0.2673026782333658,3.482062339606496
86,0.27044741562434654,3.1532468638679463
87,0.2735921530153273,0.9187927789738686
88,0.2767368904063081,1.1860624588952655
89,0.27988162779728887,2.618361015835963
90,0.2830263651882696,0.19217607189391694
91,0.2861711025792504,2.6391571656542894
92,0.2893158399702312,0.8617103521771557
93,0.29246057736121195,1.5802601514525825
94,0.2956053147521927,3.5175255250490585
95,0.2987500521431735,1.731506242004853
96,0.3018947895341543,2.559652291485259
97,0.30503952692513503,1.672210931898315
98,0.30818426431611584,2.112707486949725
99,0.3113290017070966,0.452650770700992
100,0.31447373909807735,0.6437547251578424
101,0.31761847648905817,2.0376497838039587
102,0.3207632138800389,2.140605111754865
103,0.3239079512710197,1.829886310295924
104,0.32705268866200043,2.808006029029029
105,0.33019742605298125,0.6551289610512172
106,0.333342163443962,2.510561416978657
107,0.33648690083494276,1.7561640365727103
108,0.33963163822592357,0.5366940254031318
109,0.3427763756169043,0.7930159357943541
110,0.3459211130078851,1.6584829303235225
111,0.3490658503988659,0.9146280899531446
112,0.35221058778984665,1.8736897931483996
113,0.3553553251808274,0.7374294952284327
114,0.3585000625718082,0.6103610295800692
115,0.361644799962789,0.4821118011701502
116,0.36478953735376973,2.262889952942503
117,0.36793427474475054,2.4291604479794753
118,0.3710790121357313,-0.3003952654028529
119,0.37422374952671206,2.336874655461664
120,0.37736848691769287,0.8137790670572711
121,0.3805132243086736,1.5235877314436235
122,0.3836579616996544,0.9540737913185907
123,0.38680269909063514,2.017070397369033
124,0.38994743648161595,0.8603729409438488
125,0.3930921738725967,2.0140212907666504
126,0.39623691126357746,1.1763316487178168
127,0.3993816486545583,-0.4811743447377801
128,0.40252638604553903,-0.6573675539255948
129,0.4056711234365198,0.1336348972243947
130,0.4088158608275006,2.1827204792730703
131,0.41196059821848136,0.8249927678751788
132,0.4151053356094621,0.5838432645588822
133,0.4182500730004429,0.8666661858975717
134,0.4213948103914237,1.7706015562454511
135,0.42453954778240444,1.3935568510774865
136,0.4276842851733852,1.6791213052330116
137,0.430829022564366,0.34623149250707025
138,0.43397375995534676,2.1131795920876653
139,0.4371184973463275,3.063767424287567
140,0.44026323473730833,2.143879318267732
141,0.4434079721282891,0.6112950169872844
142,0.44655270951926984,1.1528785667164796
143,0.44969744691025065,1.2872391311643239
144,0.4528421843012314,3.0145976270213968
145,0.45598692169221217,-0.5797441004518291
146,0.459131659083193,1.7911406761328492
147,0.46227639647417373,1.2173357791967114
148,0.4654211338651545,0.09076471541505915
149,0.4685658712561353,1.0636466710885903
150,0.47171060864711606,1.753695806187038
151,0.4748553460380968,1.8202686070737149
152,0.4780000834290776,0.08861021640979316
153,0.4811448208200584,-0.13494132254393743
154,0.48428955821103914,2.46764359896458
155,0.4874342956020199,0.4849923407449288
156,0.4905790329930007,1.755327391801011
157,0.49372377038398146,2.703936778580467
158,0.4968685077749622,0.8427109298634269
159,0.500013245165943,2.0040727710201818
160,0.5031579825569238,1.0318127902528311
161,0.5063027199479045,-0.4395085959268338
162,0.5094474573388853,0.23833387331306177
163,0.5125921947298661,1.7594549468620118
164,0.5157369321208469,1.3646485264197676
165,0.5188816695118277,0.13997606816871616
166,0.5220264069028084,-0.18380573448148274
167,0.5251711442937892,-0.12771803943435156
168,0.52831588168477,0.37028017571578675
169,0.5314606190757507,0.27412508737783764
170,0.5346053564667316,2.141369785895339
171,0.5377500938577123,1.0672227503932303
172,0.5408948312486931,0.5681565548163029
173,0.5440395686396738,0.32099705864882266
174,0.5471843060306546,0.7671947724086468
175,0.5503290434216354,1.596867263839183
176,0.5534737808126162,-0.33598576145522674
177,0.556618518203597,2.663588898788702
178,0.5597632555945777,-0.8495656756504995
179,0.5629079929855585,-0.509419401881896
180,0.5660527303765392,1.519325856116752
181,0.56919746776752,0.35033196281247686
182,0.5723422051585008,2.192837526845782
183,0.5754869425494816,0.7906007853635326
184,0.5786316799404624,2.099146627180461
185,0.5817764173314431,0.11239789122406502
186,0.5849211547224239,0.7064233606433542
187,0.5880658921134047,2.8487694363509886
188,0.5912106295043854,0.264080551555012
189,0.5943553668953663,0.041981645663056955
190,0.597500104286347,1.8317190949267408
191,0.6006448416773278,0.19673790457642504
192,0.6037895790683085,0.9399635458521667
193,0.6069343164592893,0.5213650210325312
194,0.6100790538502701,2.062439542105437
195,0.6132237912412508,-0.5298800146962586
196,0.6163685286322317,1.255749408946321
197,0.6195132660232124,0.15267299036361698
198,0.6226580034141932,0.8689609966462094
199,0.625802740805174,0.5221478714186074
200,0.6289474781961547,-0.04405506252404795
201,0.6320922155871355,-0.8029289586633142
202,0.6352369529781163,0.35467334125447575
203,0.6383816903690971,1.167071111042075
204,0.6415264277600778,1.4784688641477255
205,0.6446711651510586,1.6861265802161118
206,0.6478159025420394,1.3157400978072067
207,0.6509606399330201,0.02821267609398531
208,0.6541053773240009,0.7209962343379176
209,0.6572501147149817,0.9855797743639185
210,0.6603948521059625,0.7861912711850048
211,0.6635395894969432,1.9002497842281936
212,0.666684326887924,-0.5382269046525534
213,0.6698290642789048,0.7852921409198463
214,0.6729738016698855,0.609468031498963
215,0.6761185390608664,1.679319370781161
216,0.6792632764518471,0.6941865484976355
217,0.6824080138428279,1.8527792083471897
218,0.6855527512338087,2.0175416628497955
219,0.6886974886247894,-0.047594225907955756
220,0.6918422260157702,0.8562870433500964
221,0.694986963406751,-0.16933401763448552
222,0.6981317007977318,1.189320507733029
223,0.7012764381887125,0.5435790150916243
224,0.7044211755796933,1.4732984589358384
225,0.7075659129706741,-0.14230461326343796
226,0.7107106503616548,1.0148707343819936
227,0.7138553877526356,1.2017157895940818
228,0.7170001251436164,0.7443668784178112
229,0.7201448625345972,0.1014350100934738
230,0.723289599925578,0.07210343864016622
231,0.7264343373165587,-1.6788133156752312
232,0.7295790747075395,1.9293370332996767
233,0.7327238120985202,1.5706168177358402
234,0.7358685494895011,1.2740437034386778
235,0.7390132868804818,1.051377242790854
236,0.7421580242714626,1.911408197542654
237,0.7453027616624434,1.6801909496507619
238,0.7484474990534241,-0.8206735505195979
239,0.7515922364444049,0.8433480143423977
240,0.7547369738353857,1.6994565043810061
241,0.7578817112263665,0.9131980086764242
242,0.7610264486173473,-1.346093757844329
243,0.764171186008328,2.8556066797468524
244,0.7673159233993088,0.33777892841915996
245,0.7704606607902895,-0.5457974318674703
246,0.7736053981812703,0.6953040497349678
247,0.7767501355722511,1.7077765313674254
248,0.7798948729632319,0.9553860473596192
249,0.7830396103542127,2.317350230631012
250,0.7861843477451934,0.2570676692074368
251,0.7893290851361742,0.7738471430038962
252,0.7924738225271549,0.8878378080022189
253,0.7956185599181358,0.21612774568414628
254,0.7987632973091165,2.784371524633536
255,0.8019080347000973,3.011410041658146
256,0.8050527720910781,1.1553063540949777
257,0.8081975094820588,-0.7929690013264685
258,0.8113422468730396,0.38717220377500355
259,0.8144869842640203,1.1059972546424952
260,0.8176317216550012,-0.7748385904486658
261,0.820776459045982,-0.49375351062188866
262,0.8239211964369627,-0.44159827796082307
263,0.8270659338279435,1.4081100614580684
264,0.8302106712189242,0.04522779068198596
265,0.833355408609905,5.1850725932754935
266,0.8365001460008858,1.9741002346325105
267,0.8396448833918666,4.279651688020128
268,0.8427896207828474,-0.3851372227298964
269,0.8459343581738281,1.9506285931073015
270,0.8490790955648089,-1.3161719775940093
271,0.8522238329557896,-0.10099405757353314
272,0.8553685703467704,2.590175617309896
273,0.8585133077377513,-0.5686102685890643
274,0.861658045128732,0.27396080916597987
275,0.8648027825197128,-0.31722056695808376
276,0.8679475199106935,1.5647695154737438
277,0.8710922573016743,1.6991378098614571
278,0.874236994692655,0.543082426968553
279,0.8773817320836359,-0.45240627016323076
280,0.8805264694746167,-0.5934649631517265
281,0.8836712068655974,-0.5520301772953141
282,0.8868159442565782,5.372018195879951
283,0.8899606816475589,-0.10813594861670611
284,0.8931054190385397,2.134956735814892
285,0.8962501564295206,2.3185541150013993
286,0.8993948938205013,5.554918685048021
287,0.9025396312114821,-1.2549867362108376
288,0.9056843686024628,-0.1371994552115361
289,0.9088291059934436,0.1524682006526767
290,0.9119738433844243,0.9073431632226295
291,0.9151185807754051,0.6400789385106802
292,0.918263318166386,1.1848818665078849
293,0.9214080555573667,2.029090037911645
294,0.9245527929483475,0.86930227935718
295,0.9276975303393282,0.7385031707982781
296,0.930842267730309,1.2346504708838095
297,0.9339870051212897,-0.24527749822773143
298,0.9371317425122706,0.4785550184705176
299,0.9402764799032514,0.5718294488119471
300,0.9434212172942321,0.26688733921946434
301,0.9465659546852129,-0.9861890152960022
302,0.9497106920761936,1.5514494832614294
303,0.9528554294671744,6.107619640780751
304,0.9560001668581553,0.4432021131546705
305,0.959144904249136,-0.3143091050552978
306,0.9622896416401168,2.608159526268264
307,0.9654343790310975,-0.10502650539842368
308,0.9685791164220783,1.8115821562323957
309,0.971723853813059,3.3236676900243536
310,0.9748685912040398,-0.9854606202267528
311,0.9780133285950207,4.0048783176655585
312,0.9811580659860014,-0.5165179801919488
313,0.9843028033769822,0.9347077396544369
314,0.9874475407679629,1.170109315453371
315,0.9905922781589437,1.1239129420677587
316,0.9937370155499244,-0.9363274184146968
317,0.9968817529409053,3.0268627113614905
318,1.000026490331886,-0.33813231969582763
319,1.0031712277228668,0.1849875497584052
320,1.0063159651138476,0.09957653274784281
321,1.0094607025048283,1.378279086200571
322,1.012605439895809,0.23396469307789436
323,1.0157501772867898,1.0776541360854575
324,1.0188949146777706,5.791008016683489
325,1.0220396520687514,1.4025595890624936
326,1.0251843894597321,-0.6615381640367664
327,1.028329126850713,1.0619680666911675
328,1.0314738642416938,-0.03538214106038484
329,1.0346186016326746,0.8319623215849563
330,1.0377633390236554,-0.18846763408590023
331,1.0409080764146361,2.63106837833417
332,1.0440528138056169,0.7348899897574144
333,1.0471975511965976,1.4814242609583514
334,1.0503422885875784,1.489327346100926
335,1.0534870259785591,0.9968875412951984
336,1.05663176336954,0.46652353314758166
337,1.0597765007605207,0.5809203462808581
338,1.0629212381515014,0.46963932763157656
339,1.0660659755424822,0.13922651036758432
340,1.0692107129334631,0.7754661807768769
341,1.072355450324444,2.6240613988896957
342,1.0755001877154247,0.27858466238107404
343,1.0786449251064054,-0.1035511999507992
344,1.0817896624973862,-0.2059487897067669
345,1.084934399888367,7.439497909186563
346,1.0880791372793477,1.1240623939505157
347,1.0912238746703284,0.5914270722773123
348,1.0943686120613092,-0.6165848936835192
349,1.09751334945229,0.4690150009164581
350,1.1006580868432707,0.10245467139050168
351,1.1038028242342515,-0.2848463718232135
352,1.1069475616252324,1.3897958017322478
353,1.1100922990162132,1.4362621217746465
354,1.113237036407194,-0.43649531752177473
355,1.1163817737981747,-0.7280268007321702
356,1.1195265111891555,0.6380908623278441
357,1.1226712485801362,0.13651550985329786
358,1.125815985971117,0.06904107438942944
359,1.1289607233620977,-0.037871685694946644
360,1.1321054607530785,0.8360208544530681
361,1.1352501981440593,2.68681362721957
362,1.13839493553504,4.008235239972706
363,1.1415396729260208,3.037390854404709
364,1.1446844103170015,4.160194210638218
365,1.1478291477079825,2.4661870022647223
366,1.1509738850989633,7.128258618515032
367,1.154118622489944,2.8292632560581232
368,1.1572633598809248,1.5565736320730503
369,1.1604080972719055,0.6227532221489295
370,1.1635528346628863,1.4140484875845398
371,1.166697572053867,-0.6189485912884851
372,1.1698423094448478,1.8144734384863315
373,1.1729870468358286,0.905296736038149
374,1.1761317842268093,2.2235731861279
375,1.17927652161779,-0.8142982743705451
376,1.1824212590087708,2.1506533093419695
377,1.1855659963997516,-0.412182601529505
378,1.1887107337907326,0.5308594336670779
379,1.1918554711817133,-0.10432136243726903
380,1.195000208572694,-0.42587365410328604
381,1.1981449459636748,-0.3734794241118905
382,1.2012896833546556,-0.41779386157245724
383,1.2044344207456363,1.2745006007618316
384,1.207579158136617,-0.6907198954023537
385,1.2107238955275978,-0.5359786850696533
386,1.2138686329185786,0.4114482003600357
387,1.2170133703095594,0.5495356191869941
388,1.2201581077005401,0.017644587465610817
389,1.2233028450915209,0.9950406635717416
390,1.2264475824825016,1.5740522371875618
391,1.2295923198734826,3.00603532695912
392,1.2327370572644634,0.0013582258882953169
393,1.2358817946554441,2.0402992514917564
394,1.2390265320464249,7.9972908134308085
395,1.2421712694374056,-0.07158685830030931
396,1.2453160068283864,2.170473028581672
397,1.2484607442193671,1.2750459012312978
398,1.251605481610348,3.2478111131496563
399,1.2547502190013287,3.835645684292216
400,1.2578949563923094,-0.33780227054497214
401,1.2610396937832902,0.6389458629762665
402,1.264184431174271,1.551046233848034
403,1.2673291685652517,0.3542141391371181
404,1.2704739059562327,1.5584240364892519
405,1.2736186433472134,0.5888089872545379
406,1.2767633807381942,0.7162861665714682
407,1.279908118129175,-0.1762410117431933
408,1.2830528555201557,-0.06726103585458892
409,1.2861975929111364,0.5593229654637291
410,1.2893423303021172,1.116658992165024
411,1.292487067693098,-0.10708154250152768
412,1.2956318050840787,-0.4666957966897436
413,1.2987765424750595,1.035686897495246
414,1.3019212798660402,-0.6696942782582849
415,1.305066017257021,1.1138107316378785
416,1.3082107546480017,2.2790107960502857
417,1.3113554920389827,1.9560699813614308
418,1.3145002294299635,0.6926865619803676
419,1.3176449668209442,2.0364588753512547
420,1.320789704211925,1.9748308101042011
421,1.3239344416029057,1.712343827916155
422,1.3270791789938865,0.9394254039592302
423,1.3302239163848673,0.28524683499670606
424,1.333368653775848,2.477418947810473
425,1.3365133911668288,1.5662163583232935
426,1.3396581285578095,0.5064958839770466
427,1.3428028659487903,-0.5691611802300383
428,1.345947603339771,-1.6757728948427446
429,1.349092340730752,-0.017429530553918465
430,1.3522370781217328,0.9267802730753824
431,1.3553818155127135,1.0835986383561815
432,1.3585265529036943,1.958043425135706
433,1.361671290294675,0.49477770937935334
434,1.3648160276856558,0.7038418796614674
435,1.3679607650766366,0.8546196855579533
436,1.3711055024676173,0.9595062699265828
437,1.374250239858598,1.3885500020401147
438,1.3773949772495788,-0.2901480872937088
439,1.3805397146405596,0.4745868893408638
440,1.3836844520315403,-0.45518253046533713
441,1.386829189422521,-0.4821621884540757
442,1.389973926813502,0.30803614782950883
443,1.3931186642044828,-0.3996524531037724
444,1.3962634015954636,2.035399907167109
445,1.3994081389864443,0.37124840411148496
446,1.402552876377425,0.9070183842990888
447,1.4056976137684059,-0.09322658913527723
448,1.4088423511593866,-0.42215673201584336
449,1.4119870885503674,0.7305682965476952
450,1.4151318259413481,2.4962352059400104
451,1.4182765633323289,-0.008036613409552973
452,1.4214213007233096,0.790533848633198
453,1.4245660381142904,0.24228243502337912
454,1.4277107755052711,0.09396213804522086
455,1.4308555128962521,0.4148359821902542
456,1.4340002502872329,2.0615699369288336
457,1.4371449876782136,0.06415744050105264
458,1.4402897250691944,0.8403552996277784
459,1.4434344624601751,-0.5507704141872228
460,1.446579199851156,0.0489365011546398
461,1.4497239372421367,1.8166216324213267
462,1.4528686746331174,0.9215884919129251
463,1.4560134120240982,-1.048617803225411
464,1.459158149415079,0.5691089891521962
465,1.4623028868060597,1.471323314370493
466,1.4654476241970404,-1.025165757218378
467,1.4685923615880212,0.24258911801598063
468,1.4717370989790022,1.9226987187964282
469,1.474881836369983,-1.1239149813842546
470,1.4780265737609637,0.4176402216130444
471,1.4811713111519444,0.44521868898643413
472,1.4843160485429252,0.2298316175529691
473,1.487460785933906,0.6437991494685935
474,1.4906055233248867,-1.4414643366926694
475,1.4937502607158675,0.25444020889029806
476,1.4968949981068482,0.950419839050918
477,1.500039735497829,0.9978873088085727
478,1.5031844728888097,0.28187470435529344
479,1.5063292102797905,-0.15342594299005446
480,1.5094739476707715,0.5056568541846536
481,1.5126186850617522,1.2223549069198696
482,1.515763422452733,1.918309203711641
483,1.5189081598437137,1.4360605105700737
484,1.5220528972346945,0.6893814244539886
485,1.5251976346256753,-1.049980292981178
486,1.528342372016656,0.676168910091537
487,1.5314871094076368,-0.12613307767961635
488,1.5346318467986175,-0.07821931874243886
489,1.5377765841895983,3.012766099636534
490,1.540921321580579,0.36882041703722224
491,1.5440660589715598,-0.16596290532672686
492,1.5472107963625406,-0.2779542727335236
493,1.5503555337535215,0.5440753029816512
494,1.5535002711445023,1.0319045619847433
495,1.556645008535483,0.9511361660165363
496,1.5597897459264638,-0.5190097001974824
497,1.5629344833174446,-1.0848756318123571
498,1.5660792207084253,0.5335077500937079
499,1.569223958099406,-0.4625975676503097
500,1.5723686954903868,-0.9123192108084629
501,1.5755134328813676,0.6755867627028074
502,1.5786581702723483,-0.22969901994122216
503,1.581802907663329,-0.1690055066250174
504,1.5849476450543099,0.47890682184656547
505,1.5880923824452906,1.7508170112876964
506,1.5912371198362716,0.12387795483511624
507,1.5943818572272523,0.048930043949932084
508,1.597526594618233,0.9141277057783364
509,1.6006713320092139,-1.1970962949717305
510,1.6038160694001946,1.2007787631692108
511,1.6069608067911754,-0.09974644327517987
512,1.6101055441821561,-0.6445312622521682
513,1.6132502815731369,0.7558259980603832
514,1.6163950189641176,0.41715502284264727
515,1.6195397563550984,-1.6368990838847695
516,1.6226844937460791,-0.3750497829810087
517,1.62582923113706,-0.4926985021678433
518,1.6289739685280407,0.18559080988693183
519,1.6321187059190216,0.691237323521537
520,1.6352634433100024,0.5549529983200256
521,1.6384081807009832,-0.7001990034823826
522,1.641552918091964,-0.9305284662379548
523,1.6446976554829447,0.16288557349243515
524,1.6478423928739254,1.5068496269943839
525,1.6509871302649062,-0.17331654962102339
526,1.654131867655887,-0.07090259998615756
527,1.6572766050468677,1.1770690267484223
528,1.6604213424378484,0.9384700978328594
529,1.6635660798288292,-0.1331928453456818
530,1.66671081721981,-1.3396555581337675
531,1.6698555546107907,0.9058072298175159
532,1.6730002920017717,-1.0503973068805048
533,1.6761450293927525,-1.9981086813029412
534,1.6792897667837332,1.2301465686540658
535,1.682434504174714,-0.6990278624557791
536,1.6855792415656947,-1.8006193157990371
537,1.6887239789566755,1.2728140258617933
538,1.6918687163476562,0.4238619868638751
539,1.695013453738637,-1.0204851335256717
540,1.6981581911296177,-0.7125518320287084
541,1.7013029285205985,0.16818363560606564
542,1.7044476659115793,0.745215843122577
543,1.70759240330256,-0.14050299651171727
544,1.7107371406935408,-0.22129960110468422
545,1.7138818780845217,1.6280965978035795
546,1.7170266154755025,1.707621427217087
547,1.7201713528664833,0.2899899224555883
548,1.723316090257464,1.0381184545854827
549,1.7264608276484448,2.0178582165321486
550,1.7296055650394255,-1.682018676520912
551,1.7327503024304063,-0.011161241153047285
552,1.735895039821387,-0.2864603424103407
553,1.7390397772123678,-1.6840602999713585
554,1.7421845146033486,-0.9916404445790001
555,1.7453292519943293,0.6730171250083276
556,1.74847398938531,1.0583276894256466
557,1.751618726776291,-2.0379766741302325
558,1.7547634641672718,1.7227555787854758
559,1.7579082015582526,1.931370278826142
560,1.7610529389492333,-1.2946079277242197
561,1.764197676340214,-0.9003538677295024
562,1.7673424137311948,1.5193059335554429
563,1.7704871511221756,0.9241690826662223
564,1.7736318885131563,1.2216592551005088
565,1.776776625904137,-0.9125473095219648
566,1.7799213632951179,0.751996206169518
567,1.7830661006860986,-0.5102729798544555
568,1.7862108380770794,-0.054100991397531106
569,1.7893555754680601,-2.7184761688585044
570,1.792500312859041,-0.1705883587285154
571,1.7956450502500219,1.7738574317399514
572,1.7987897876410026,0.5531070308125122
573,1.8019345250319834,-1.5220141613245595
574,1.8050792624229641,0.6491690352582243
575,1.8082239998139449,-1.2197959961174305
576,1.8113687372049256,-0.8844409516154215
577,1.8145134745959064,-2.1232019846635777
578,1.8176582119868872,-0.2664168918729366
579,1.820802949377868,-1.405419380913199
580,1.8239476867688487,-1.0939120561077318
581,1.8270924241598294,0.4354440892049509
582,1.8302371615508102,1.3163393779879828
583,1.8333818989417912,-1.7951629484915594
584,1.836526636332772,-0.4145219741935426
585,1.8396713737237527,-0.42101280813518305
586,1.8428161111147334,0.6975484545836912
587,1.8459608485057142,-2.1845858481232847
588,1.849105585896695,-1.0054890626360056
589,1.8522503232876757,0.022185347500590313
590,1.8553950606786564,-0.13247523153705432
591,1.8585397980696372,-0.7640202678568334
592,1.861684535460618,0.47931873829514515
593,1.8648292728515987,1.9829923479022822
594,1.8679740102425795,-1.6218739627191674
595,1.8711187476335602,-0.8915748689084803
596,1.8742634850245412,-0.9534506497944639
597,1.877408222415522,1.1587900732716894
598,1.8805529598065027,-0.6848369584952183
599,1.8836976971974835,0.5472979251588446
600,1.8868424345884642,-0.9483162660870317
601,1.889987171979445,-1.6849292352047465
602,1.8931319093704257,-0.5748862087177404
603,1.8962766467614065,1.0501405144653968
604,1.8994213841523873,-0.7639182732428799
605,1.902566121543368,-0.4771402892158762
606,1.9057108589343488,-1.899282995577106
607,1.9088555963253295,-0.2096892376536601
608,1.9120003337163105,-1.2766614495148916
609,1.9151450711072913,-0.43661356259273243
610,1.918289808498272,-1.8631416837331798
611,1.9214345458892528,-0.46167273924270885
612,1.9245792832802335,1.4063357039986055
613,1.9277240206712143,-1.5704939932134194
614,1.930868758062195,2.839795361673931
615,1.9340134954531758,-0.9879130946705738
616,1.9371582328441566,-1.6287340076927967
617,1.9403029702351373,-1.3190078975961572
618,1.943447707626118,-0.3053466369214699
619,1.9465924450170988,-1.0235426393419718
620,1.9497371824080796,-0.15936062676000362
621,1.9528819197990606,-0.4574772017116263
622,1.9560266571900413,-0.04762576767321114
623,1.959171394581022,2.260343927024634
624,1.9623161319720028,2.110872095055215
625,1.9654608693629836,-0.7472103081648508
626,1.9686056067539643,-0.05438295139148419
627,1.971750344144945,3.209543030715853
628,1.9748950815359259,2.628968431768679
629,1.9780398189269066,0.3336935662098379
630,1.9811845563178874,0.8727934121309178
631,1.9843292937088681,-1.249249177841035
632,1.9874740310998489,-0.6465044467539101
633,1.9906187684908296,-1.2643943914735989
634,1.9937635058818106,1.5915393736591943
635,1.9969082432727914,-0.5008042586945557
636,2.000052980663772,-1.8577048385188188
637,2.0031977180547527,0.005352940621718094
638,2.0063424554457336,4.380131435468272
639,2.009487192836714,1.803300684408025
640,2.012631930227695,-1.574109642513017
641,2.015776667618676,-0.6400661473440876
642,2.0189214050096567,0.8882775974353381
643,2.0220661424006376,0.05505296684915861
644,2.025210879791618,0.9796202775370331
645,2.028355617182599,0.8576839259322988
646,2.0315003545735797,-1.619605307406884
647,2.0346450919645607,-1.054748705825937
648,2.037789829355541,-1.177454317753752
649,2.040934566746522,-0.1458165583551252
650,2.0440793041375027,-1.9023226468966543
651,2.0472240415284837,-1.1767714894426673
652,2.0503687789194642,-1.6856742950169386
653,2.053513516310445,-1.3979238868795547
654,2.056658253701426,-1.401897319357888
655,2.0598029910924067,-1.7934396579352536
656,2.0629477284833877,0.30458332487506445
657,2.0660924658743682,-1.6632737452984672
658,2.069237203265349,-1.3152738813160851
659,2.0723819406563297,-0.37719163006784373
660,2.0755266780473107,-0.913597400047134
661,2.0786714154382913,-0.3495325450797231
662,2.0818161528292722,-0.5773860293745768
663,2.0849608902202528,0.36937152858616984
664,2.0881056276112337,-0.6744386137696847
665,2.0912503650022143,-0.6702131671055647
666,2.0943951023931953,-0.5500961562359259
667,2.0975398397841762,-1.6845986686192125
668,2.1006845771751568,-1.3156632413838412
669,2.1038293145661378,-0.03705495151196869
670,2.1069740519571183,1.3093167669384969
671,2.1101187893480993,-0.13484815288497987
672,2.11326352673908,-1.1054368678426665
673,2.116408264130061,-1.3213973011371305
674,2.1195530015210413,0.8075596212094354
675,2.1226977389120223,-1.295177780419345
676,2.125842476303003,2.779966100340061
677,2.128987213693984,-0.8046194503896513
678,2.1321319510849643,-0.4233870049060995
679,2.1352766884759453,0.9671528465122743
680,2.1384214258669263,-1.7024811483532716
681,2.141566163257907,-0.7536291898721862
682,2.144710900648888,0.8239840629813406
683,2.1478556380398683,-0.6811774391692358
684,2.1510003754308493,0.7013688730293002
685,2.15414511282183,-0.6532787742518777
686,2.157289850212811,-1.240346636945179
687,2.1604345876037914,-1.308370283536147
688,2.1635793249947723,-1.286086014320636
689,2.166724062385753,-1.7397394540537925
690,2.169868799776734,-2.14524963352744
691,2.1730135371677144,1.4024165068391974
692,2.1761582745586954,-1.1875639488642475
693,2.1793030119496763,-1.8121318384277476
694,2.182447749340657,-0.391071557344858
695,2.185592486731638,0.3462398877732109
696,2.1887372241226184,-0.19360193186889818
697,2.1918819615135994,-1.4631744997743017
698,2.19502669890458,-0.31835533477858
699,2.198171436295561,-1.6863382712973165
700,2.2013161736865414,-2.2289540870440687
701,2.2044609110775224,-1.532290842570128
702,2.207605648468503,0.5061503053819358
703,2.210750385859484,-1.0153856119885003
704,2.213895123250465,-1.425512121535582
705,2.2170398606414454,1.9773763026067162
706,2.2201845980324264,-1.4636927154286905
707,2.223329335423407,-1.3445335089878405
708,2.226474072814388,-1.369500852403948
709,2.2296188102053685,-0.9581318275922696
710,2.2327635475963494,-1.1505504430588613
711,2.23590828498733,1.8509329250679918
712,2.239053022378311,-1.3094166950558923
713,2.2421977597692915,-0.4753672084190633
714,2.2453424971602725,-0.9937917175786262
715,2.248487234551253,0.2509422642941437
716,2.251631971942234,-0.9694207147668508
717,2.254776709333215,-1.4712839774327269
718,2.2579214467241955,0.19237986762267956
719,2.2610661841151765,-0.1387664217467588
720,2.264210921506157,-0.830632079834352
721,2.267355658897138,3.100129368742311
722,2.2705003962881185,-1.2424214487065603
723,2.2736451336790995,0.12401609225999155
724,2.27678987107008,3.0411070238099027
725,2.279934608461061,2.8141577102695727
726,2.2830793458520415,-1.5990332858626661
727,2.2862240832430225,0.6515672140671322
728,2.289368820634003,-1.2636776783572352
729,2.292513558024984,-1.8125358538626655
730,2.295658295415965,-1.8457777422257269
731,2.2988030328069455,-1.131740013659679
732,2.3019477701979265,-0.2945500973287464
733,2.305092507588907,1.5329664428866998
734,2.308237244979888,-0.8612951214839223
735,2.3113819823708686,0.2900585149221391
736,2.3145267197618495,1.0389420182563032
737,2.31767145715283,4.160115616626184
738,2.320816194543811,1.0486964831606154
739,2.3239609319347916,0.29243003727736894
740,2.3271056693257726,-0.42106269957814846
741,2.330250406716753,-1.1939222306339667
742,2.333395144107734,-1.3347556743512115
743,2.336539881498715,0.37281674019708455
744,2.3396846188896956,-1.41210535384693
745,2.3428293562806766,-1.3540191627361373
746,2.345974093671657,-0.5950892967059805
747,2.349118831062638,-0.9159311221263454
748,2.3522635684536186,0.045931171727323195
749,2.3554083058445996,-1.6770807663988458
750,2.35855304323558,-1.731225543712152
751,2.361697780626561,-0.049622067610795906
752,2.3648425180175416,-1.414168159355941
753,2.3679872554085226,-1.1475900445346747
754,2.371131992799503,-1.4708178384997956
755,2.374276730190484,4.007009682253273
756,2.377421467581465,-1.0344781793045417
757,2.3805662049724456,-0.6884472609254024
758,2.3837109423634266,-1.396379379342263
759,2.386855679754407,-0.647924272295654
760,2.390000417145388,-0.21909084903090403
761,2.3931451545363687,-0.8523112703125475
762,2.3962898919273496,-1.7452237126286385
763,2.39943462931833,-1.7293871515651071
764,2.402579366709311,-0.6132902141711231
765,2.4057241041002917,1.2849728217728775
766,2.4088688414912727,0.058306031294992455
767,2.412013578882253,-1.6566676231260287
768,2.415158316273234,-1.3361027870843434
769,2.418303053664215,-0.2157455147626629
770,2.4214477910551957,-2.1270224504001436
771,2.4245925284461767,0.5864825205634184
772,2.427737265837157,-0.20119819287791352
773,2.430882003228138,0.8000553876241931
774,2.4340267406191187,1.3400009324013629
775,2.4371714780100997,-0.6767953307593529
776,2.4403162154010802,-0.5814331750348893
777,2.443460952792061,-1.2164608230471683
778,2.4466056901830417,-0.43661430387192757
779,2.4497504275740227,0.044701673411978726
780,2.4528951649650033,2.5006960926577086
781,2.4560399023559842,1.2470368490060009
782,2.459184639746965,-0.5507101019271337
783,2.4623293771379458,-0.5806451333676192
784,2.4654741145289267,-2.0788513548491574
785,2.4686188519199073,0.44606363032802043
786,2.4717635893108882,1.041142134002522
787,2.4749083267018688,1.076182700305803
788,2.4780530640928498,-0.9382372074092419
789,2.4811978014838303,-2.4872795526597002
790,2.4843425388748113,-1.365628178935933
791,2.487487276265792,1.7472119483292845
792,2.490632013656773,0.05033348149687911
793,2.4937767510477533,-1.3637644830069395
794,2.4969214884387343,-1.3321013292761326
795,2.5000662258297153,-1.502539655034605
796,2.503210963220696,1.2976979970789584
797,2.506355700611677,-0.051714476757294126
798,2.5095004380026573,-0.05205463844861602
799,2.5126451753936383,0.08289735514932106
800,2.515789912784619,-0.7714549278344971
801,2.5189346501756,-2.2962585259569788
802,2.5220793875665803,1.2490901542440969
803,2.5252241249575613,-0.26646109599968415
804,2.528368862348542,-1.0185265801297165
805,2.531513599739523,-0.2737194903746385
806,2.5346583371305034,-0.5460331685507158
807,2.5378030745214843,0.20399014009131755
808,2.5409478119124653,-0.7181272842002338
809,2.544092549303446,-1.2967697853429168
810,2.547237286694427,1.0016145763923792
811,2.5503820240854074,-1.6240677462389346
812,2.5535267614763884,0.0944104732887383
813,2.556671498867369,-0.2704860629378236
814,2.55981623625835,-0.40682285601555046
815,2.5629609736493304,0.10956641749505658
816,2.5661057110403114,-1.7212533238106467
817,2.569250448431292,1.8583510861987236
818,2.572395185822273,-2.0627074176005387
819,2.5755399232132534,0.012110486856851232
820,2.5786846606042344,-2.499355934699249
821,2.5818293979952154,0.003273558369239149
822,2.584974135386196,-0.1573124040329531
823,2.588118872777177,-1.0915766152519262
824,2.5912636101681574,-1.2002503547096914
825,2.5944083475591384,1.196606624598917
826,2.597553084950119,-0.2654753528478542
827,2.6006978223411,-1.1182774029519462
828,2.6038425597320805,-0.7072124873013057
829,2.6069872971230614,-1.1796216597575333
830,2.610132034514042,-0.4072628296776225
831,2.613276771905023,-0.4027216207796548
832,2.6164215092960035,-1.1588686947340103
833,2.6195662466869845,-2.238215412899887
834,2.6227109840779654,0.37623057090110945
835,2.625855721468946,-0.24313073867548507
836,2.629000458859927,-1.724757151893394
837,2.6321451962509075,-2.1474043901513777
838,2.6352899336418885,-0.5408933859022824
839,2.638434671032869,-0.7407539411339126
840,2.64157940842385,-1.8065414407614488
841,2.6447241458148305,-1.807599713968817
842,2.6478688832058115,1.331195553000337
843,2.651013620596792,-0.5521093496937362
844,2.654158357987773,1.3590019961304294
845,2.657303095378754,-1.011599003441506
846,2.6604478327697345,2.478843959854945
847,2.6635925701607155,-0.21559555040057865
848,2.666737307551696,-0.19984348279997932
849,2.669882044942677,-1.2659651891667942
850,2.6730267823336575,-1.28328494374262
851,2.6761715197246385,1.0532599849961644
852,2.679316257115619,1.5144070837013675
853,2.6824609945066,-0.5530422800531469
854,2.6856057318975806,-0.05336742641645831
855,2.6887504692885615,-1.061963465212222
856,2.691895206679542,0.5929871259389309
857,2.695039944070523,0.43161614898435374
858,2.698184681461504,0.7882470949284995
859,2.7013294188524846,-0.30394148676997323
860,2.7044741562434655,0.0510664000661184
861,2.707618893634446,-0.9500310795221676
862,2.710763631025427,-0.40438450106652124
863,2.7139083684164076,0.5418048747266972
864,2.7170531058073886,-1.4686319903807936
865,2.720197843198369,-0.9405901771237188
866,2.72334258058935,-0.9944452974419049
867,2.7264873179803306,-1.3197731224388152
868,2.7296320553713116,-1.4976319014526618
869,2.732776792762292,-0.0883641895262065
870,2.735921530153273,-0.8846545308741798
871,2.739066267544254,-1.6712121099063921
872,2.7422110049352346,0.1055971201564927
873,2.7453557423262156,-1.7747825093756266
874,2.748500479717196,1.1478141107518964
875,2.751645217108177,-0.19973132835777813
876,2.7547899544991576,-0.439385228840129
877,2.7579346918901386,0.9691179027947703
878,2.761079429281119,-1.3988825621236654
879,2.7642241666721,0.01244073576338911
880,2.7673689040630807,-0.782782099772776
881,2.7705136414540616,-1.2688746287794883
882,2.773658378845042,-0.9331293333630253
883,2.776803116236023,-0.33172141230111823
884,2.779947853627004,-0.3440341454565731
885,2.7830925910179847,-1.21346880088357
886,2.7862373284089657,0.9316323983904143
887,2.789382065799946,0.511084399920269
888,2.792526803190927,-1.5965512517309821
889,2.7956715405819077,0.6268777702267235
890,2.7988162779728887,0.3537844260219094
891,2.801961015363869,-1.6127932664431937
892,2.80510575275485,0.4894031990420957
893,2.8082504901458307,0.8110659777253493
894,2.8113952275368117,-0.24262103309144
895,2.8145399649277922,-0.5415143910316935
896,2.817684702318773,0.24666818289999226
897,2.820829439709754,-0.5965194965432161
898,2.8239741771007347,-1.298844919358173
899,2.8271189144917157,-0.18110011253954866
900,2.8302636518826962,-0.8568360404701187
901,2.833408389273677,-2.3146932208903683
902,2.8365531266646578,-0.12521113159643849
903,2.8396978640556387,0.37173510367923956
904,2.8428426014466193,0.2768284241292778
905,2.8459873388376002,-1.0575952098389967
906,2.849132076228581,-2.002279992307556
907,2.8522768136195618,0.004837479533310041
908,2.8554215510105423,-0.6029540710661377
909,2.8585662884015233,0.9896713260976805
910,2.8617110257925042,-0.685368197327841
911,2.864855763183485,0.4129161254160544
912,2.8680005005744658,-0.12128136118225918
913,2.8711452379654463,0.39922773680149626
914,2.8742899753564273,-0.6543686748276362
915,2.877434712747408,0.25168076570529874
916,2.880579450138389,1.9038109813061466
917,2.8837241875293693,0.510110677487983
918,2.8868689249203503,0.26167060451883595
919,2.890013662311331,-0.3049889069531285
920,2.893158399702312,-0.4830450574883692
921,2.8963031370932923,0.3829871769803619
922,2.8994478744842733,-0.8122006836121538
923,2.9025926118752543,1.6351114195730978
924,2.905737349266235,0.7130571279885523
925,2.908882086657216,-0.758169556557588
926,2.9120268240481963,-0.9314174611086055
927,2.9151715614391773,-0.32614507523503655
928,2.918316298830158,0.4824875681574884
929,2.921461036221139,-1.7968210666120492
930,2.9246057736121194,-0.9574103456785836
931,2.9277505110031004,-1.8732118868332654
932,2.930895248394081,-0.9030469394226794
933,2.934039985785062,2.825124417983771
934,2.9371847231760424,-0.19348064774838514
935,2.9403294605670234,2.1432394915699025
936,2.9434741979580044,-0.5843692825456801
937,2.946618935348985,1.515790399427913
938,2.949763672739966,-0.4968888553869736
939,2.9529084101309464,1.3882340536392093
940,2.9560531475219274,-1.7172347247765432
941,2.959197884912908,-0.478358567545766
942,2.962342622303889,0.11270185721648651
943,2.9654873596948694,1.122116291270218
944,2.9686320970858504,-0.7717839376765392
945,2.971776834476831,-0.5528533408989921
946,2.974921571867812,0.8888534139175353
947,2.9780663092587925,0.1497951187546105
948,2.9812110466497734,-0.6648830739875042
949,2.9843557840407544,-0.7437424445336444
950,2.987500521431735,0.6622017995506795
951,2.990645258822716,-1.6650077993025039
952,2.9937899962136965,0.6586595848801609
953,2.9969347336046774,0.4540584320367347
954,3.000079470995658,-0.6042569433580522
955,3.003224208386639,-2.3549576986246814
956,3.0063689457776195,-0.24325521592188992
957,3.0095136831686005,-0.8989624581207118
958,3.012658420559581,1.5552376663389378
959,3.015803157950562,-1.1986136263233504
960,3.018947895341543,0.7871236706892063
961,3.0220926327325235,-0.18776489227627124
962,3.0252373701235045,1.078286662077411
963,3.028382107514485,-0.7988105150914324
964,3.031526844905466,-0.901181077401481
965,3.0346715822964465,-0.28498352131973625
966,3.0378163196874275,-0.7809924900777857
967,3.040961057078408,-0.8024350494345616
968,3.044105794469389,-1.098282358774976
969,3.0472505318603695,-0.9764156807583957
970,3.0503952692513505,0.5689029161603073
971,3.053540006642331,-1.733763764269732
972,3.056684744033312,-1.0041607934082026
973,3.059829481424293,2.8143217170483155
974,3.0629742188152735,-0.933022813635922
975,3.0661189562062545,-0.7526788576120009
976,3.069263693597235,-0.9566150545803045
977,3.072408430988216,-2.154367996631768
978,3.0755531683791966,-0.3572017914603364
979,3.0786979057701775,-0.529324058029794
980,3.081842643161158,-1.0027263209413155
981,3.084987380552139,-0.04331042780182437
982,3.0881321179431196,2.5319560765768445
983,3.0912768553341006,0.11230898217030394
984,3.094421592725081,-0.677384679229103
985,3.097566330116062,0.6183118637011008
986,3.100711067507043,-0.16888487080520143
987,3.1038558048980236,-0.5898652463747664
988,3.1070005422890046,-1.2680068312626918
989,3.110145279679985,-1.1227620048428233
990,3.113290017070966,-0.6234229870257166
991,3.1164347544619466,-0.8519194832520971
992,3.1195794918529276,1.135910506522085
993,3.122724229243908,-1.0750482359408353
994,3.125868966634889,-1.3045337101161225
995,3.1290137040258696,0.4230644545832063
996,3.1321584414168506,-0.03769229964125631
997,3.135303178807831,-0.4032521682261278
998,3.138447916198812,-1.175364006272487
999,3.141592653589793,-0.7864303616567125
