index,x,mu,sigma,xi
0,0.0,1.3,1.1,0.3
1,0.0031447373909807737,1.2999616743707303,1.099977270927786,0.29995231139270856
2,0.006289474781961547,1.2998467039375332,1.099909094043358,0.2998092607321894
3,0.009434212172942321,1.2996551080629386,1.0997955003386628,0.2995708934976877
4,0.012578949563923095,1.2993869190134775,1.099636541451291,0.2992372854718796
5,0.01572368695490387,1.299042181953152,1.099432289641003,0.29880854271677937
6,0.018868424345884642,1.2986209549342993,1.0991828377568813,0.2982848015400195
7,0.022013161736865416,1.2981233088858461,1.0988882991951243,0.2976662284515154
8,0.02515789912784619,1.2975493275989567,1.0985488078474965,0.2969530201105277
9,0.028302636518826963,1.296899107710081,1.098164518040465,0.29614540326313965
10,0.03144737390980774,1.2961727586814042,1.0977356044650457,0.29524363467016906
11,0.034592111300788514,1.2953704027786985,1.0972622620973904,0.29424800102553794
12,0.037736848691769284,1.2944921750465883,1.096744706110157,0.2931588188651256
13,0.040881586082750054,1.293538223281228,1.0961831717746933,0.2919764344661341
14,0.04402632347373083,1.2925087080004007,1.0955779143540885,0.2907012237369985
15,0.04717106086471161,1.2914038024110455,1.0949292089871352,0.28933359209787674
16,0.05031579825569238,1.290223692374214,1.0942373505632559,0.2878739743517565
17,0.05346053564667315,1.2889685763674725,1.0935026535884522,0.28632283454622104
18,0.056605273037653926,1.2876386654447476,1.092725452042336,0.28468066582591733
19,0.0597500104286347,1.2862341831936321,1.0919060992263088,0.2829479902757734
20,0.06289474781961547,1.2847553656901538,1.0910449676029568,0.28112535875501504
21,0.06603948521059624,1.2832024614510193,1.0901424486267373,0.27921335072203457
22,0.06918422260157703,1.2815757313833434,1.0891989525660297,0.2772125740501667
23,0.0723289599925578,1.2798754487318713,1.0882149083166361,0.27512366483443135
24,0.07547369738353857,1.2781018990237083,1.087190763206813,0.27294728718930356
25,0.07861843477451934,1.2762553800105643,1.086126982793923,0.27068413303757555
26,0.08176317216550011,1.2743362016085291,1.085024050652803,0.2683349218903779
27,0.08490790955648089,1.2723446858353873,1.0838824681559385,0.26590040061842957
28,0.08805264694746166,1.2702811667454874,1.0827027542455496,0.2633813432145898
29,0.09119738433844243,1.2681459903621795,1.0814854451976896,0.260778550547787
30,0.09434212172942322,1.265939514607832,1.0802310943784639,0.2580928501084035
31,0.09748685912040399,1.2636621092314468,1.078940271992479,0.2553250957451964
32,0.10063159651138476,1.2613141557338823,1.0776135648236398,0.25247616739383844
33,0.10377633390236553,1.2588960472907031,1.076251575968407,0.24954697079716517
34,0.1069210712933463,1.256408188672673,1.074854924561642,0.24653843721721785
35,0.11006580868432708,1.2538509961639028,1.073424245495158,0.24345152313917262
36,0.11321054607530785,1.2512248974776763,1.0719601891291113,0.24028720996725078
37,0.11635528346628862,1.2485303316699663,1.0704634209963595,0.2370465037127071
38,0.1195000208572694,1.2457677490506602,1.068934621499922,0.23373043467399435
39,0.12264475824825018,1.242937611092516,1.0673744856036822,0.23034005710920682
40,0.12578949563923095,1.2400403903378627,1.0657837225164688,0.2268764489009062
41,0.12893423303021173,1.2370765703030675,1.0641630553696637,0.22334071121343682
42,0.1320789704211925,1.2340466453807892,1.0625132208884789,0.21973396814283921
43,0.13522370781217327,1.2309511207400363,1.060834969057056,0.21605736635947256
44,0.13836844520315406,1.2277905122240516,1.0591290627775363,0.212312074743461
45,0.1415131825941348,1.2245653462460446,1.05739627752326,0.20849928401307835
46,0.1446579199851156,1.221276159682792,1.0556374009862508,0.20462020634619008
47,0.14780265737609635,1.2179234997661272,1.053853232719145,0.20067607499487292
48,0.15094739476707714,1.2145079239723455,1.0520445837717307,0.1966681438933343
49,0.15409213215805792,1.2110299999095422,1.050212276322258,0.19259768725925666
50,0.15723686954903868,1.2074903052029105,1.0483571433036944,0.1884659991886927
51,0.16038160694001946,1.20388942737802,1.0464800280250863,0.18427439324464145
52,0.16352634433100022,1.2002279637421047,1.0445817837882083,0.18002420203943484
53,0.166671081721981,1.1965065212633768,1.042663273499667,0.1757167768110681
54,0.16981581911296179,1.1927257164483993,1.0407253692786407,0.17135348699360903
55,0.17296055650394254,1.1888861752175377,1.0387689520604286,0.16693571978182162
56,0.17610529389492333,1.1849885327785183,1.0367949111959955,0.1624648796901436
57,0.1792500312859041,1.1810334334981165,1.0348041440476887,0.1579423881061576
58,0.18239476867688487,1.177021530772007,1.0327975555813138,0.1533696828386979
59,0.18553950606786565,1.1729534868927955,1.0307760579547538,0.14874821766073615
60,0.18868424345884643,1.1688299729162646,1.0287405701033192,0.14407946184719223
61,0.1918289808498272,1.1646516685258588,1.0266920173220178,0.13936489970781646
62,0.19497371824080797,1.1604192618954363,1.0246313308449313,0.1346060301152915
63,0.19811845563178873,1.1561334495503188,1.0225594474218946,0.12980436602870501
64,0.20126319302276952,1.1517949362266615,1.0204773088926666,0.1249614340125435
65,0.2044079304137503,1.1474044347291799,1.0183858617587873,0.12007877375136067
66,0.20755266780473106,1.142962665787257,1.0162860567533152,0.11515793756027473
67,0.21069740519571184,1.138470357909462,1.0141788484086425,0.11020048989145012
68,0.2138421425866926,1.1339282472365126,1.012065194622582,0.10520800683672053
69,0.21698687997767338,1.1293370773927065,1.0099460562229245,0.10018207562651123
70,0.22013161736865416,1.1246975993358583,1.007822396530664,0.09512429412522064
71,0.22327635475963492,1.1200105712057664,1.005695180922091,0.09003627032322062
72,0.2264210921506157,1.1152767581712473,1.0035653763899492,0.08491962182563778
73,0.2295658295415965,1.1104969322757627,1.0014339511038584,0.07977597533807772
74,0.23271056693257725,1.1056718722816774,0.9993018739702039,0.07460696614945649
75,0.23585530432355803,1.1008023635131727,0.9971701141916882,0.06941423761210248
76,0.2390000417145388,1.0958891976978555,0.9950396408267504,0.0641994406192957
77,0.24214477910551957,1.090933172807088,0.9929114223490498,0.05896423308040883
78,0.24528951649650035,1.0859350928950766,0.9907864262072157,0.053710279393817825
79,0.2484342538874811,1.0808957679367501,0.9886656183850633,0.04843924991774999
80,0.2515789912784619,1.0758160136644621,0.9865499629624754,0.0431528204392367
81,0.25472372866944265,1.0706966514035479,0.9844404216771497,0.037852671641340506
82,0.25786846606042346,1.0655385079067754,0.9823379534874105,0.032540488568825285
83,0.2610132034514042,1.060342415187717,0.9802435141362839,0.027217960092440666
84,0.264157940842385,1.0551092103530835,0.9781580557170352,0.02188677837198857
85,0.2673026782333658,1.0498397354340487,0.9760825262403645,0.0165486383183453
86,0.27044741562434654,1.0445348372166041,0.9740178692034592,0.011205237054608951
87,0.2735921530153273,1.0391953670709744,0.9719650231610969,0.005858273376542641
88,0.2767368904063081,1.0338221807801318,0.9699249212989963,0.000509447212486465
89,0.27988162779728887,1.0284161383674424,0.9678984910096087,-0.004839540917089924
90,0.2830263651882696,1.022978103923483,0.9658866534705415,-0.010186990440224539
91,0.2861711025792504,1.0175089454320587,0.963890323225809,-0.01553120127411532
92,0.2893158399702312,1.012009534595462,0.9619104077700971,-0.020870474365617266
93,0.29246057736121195,1.0064807466590084,0.9599478071362332,-0.026203112231412494
94,0.2956053147521927,1.00092346023488,0.9580034134860479,-0.03152741949768088
95,0.2987500521431735,0.9953385571253206,0.9560781107048151,-0.03684170343910048
96,0.3018947895341543,0.9897269221452126,0.9541727739994538,-0.04214427451700493
97,0.30503952692513503,0.9840894429440749,0.9522882695006751,-0.04743344691652922
98,0.30818426431611584,0.9784270098275168,0.9504254538692561,-0.05270753908257043
99,0.3113290017070966,0.9727405155781881,0.948585173906617,-0.05796487425439421
100,0.31447373909807735,0.967030855276256,0.9467682661698809,-0.06320378099871782
101,0.31761847648905817,0.961298926119452,0.9449755565915908,-0.06842259374109902
102,0.3207632138800389,0.9555456272427219,0.9432078601042562,-0.07361965329546157
103,0.3239079512710197,0.9497718595375166,0.9414659802698994,-0.0787933073915912
104,0.32705268866200043,0.943978525470762,0.9397507089147711,-0.08394191120043162
105,0.33019742605298125,0.9381665289035437,0.9380628257694013,-0.0890638278570152
106,0.333342163443962,0.9323367749095446,0.936403098114148,-0.0941574289808618
107,0.33648690083494276,0.926490169593273,0.9347722804304059,-0.09922109519368011
108,0.33963163822592357,0.920627619908116,0.933171114057633,-0.10425321663420709
109,0.3427763756169043,0.9147500334742604,0.9316003268563515,-0.10925219347002102
110,0.3459211130078851,0.908858318396513,0.9300606328772761,-0.11421643640616752
111,0.3490658503988659,0.9029533830820615,0.9285527320367196,-0.11914436719043413
112,0.35221058778984665,0.8970361360582122,0.927077309798424,-0.12403441911511442
113,0.3553553251808274,0.8911074857901413,0.925635036861961,-0.12888503751510275
114,0.3585000625718082,0.8851683404986977,0.9242265688578454,-0.13369468026215917
115,0.361644799962789,0.8792196079782966,0.9228525460494966,-0.138461818255189
116,0.36478953735376973,0.8732621954149362,0.9215135930421874,-0.14318493590638143
117,0.36793427474475054,0.867297009204381,0.9202103184991095,-0.1478625316230505
118,0.3710790121357313,0.8613249547705452,0.9189433148646873,-0.1524931182850284
119,0.37422374952671206,0.8553469363841132,0.9177131580952624,-0.15707522371745597
120,0.37736848691769287,0.8493638569814382,0.9165204073972761,-0.16160739115882317
121,0.3805132243086736,0.8433766179837506,0.9153656049730634,-0.1660881797241078
122,0.3836579616996544,0.8373861191167186,0.914249275774378,-0.17051616486286836
123,0.38680269909063514,0.8313932582303933,0.9131719272637593,-0.1748899388121424
124,0.38994743648161595,0.8253989311195806,0.9121340491838492,-0.17920811104400827
125,0.3930921738725967,0.8194040313446708,0.9111361133347644,-0.18346930870766734
126,0.39623691126357746,0.8134094500529672,0.9101785733596245,-0.18767217706590641
127,0.3993816486545583,0.8074160758005482,0.9092618645383342,-0.1918153799258015
128,0.40252638604553903,0.8014247943747008,0.9083864035897137,-0.19589760006352488
129,0.4056711234365198,0.79543648861696,0.9075525884820652,-0.19991753964312328
130,0.4088158608275006,0.7894520382467922,0.9067607982522647,-0.20387392062913023
131,0.41196059821848136,0.7834723196859585,0.9060113928334584,-0.20776548519288496
132,0.4151053356094621,0.7774982058835933,0.9053047128914441,-0.21159099611242574
133,0.4182500730004429,0.7715305661420334,0.9046410796698102,-0.2153492371658333
134,0.4213948103914237,0.7655702659434367,0.9040207948439053,-0.21903901351789598
135,0.42453954778240444,0.7596181667772204,0.9034441403837014,-0.22265915209997766
136,0.4276842851733852,0.7536751259683612,0.9029113784256156,-0.22620850198296377
137,0.430829022564366,0.7477419965065846,0.9024227511533487,-0.22968593474316965
138,0.43397375995534676,0.7418196268764877,0.9019784806877915,-0.23309034482109325
139,0.4371184973463275,0.7359088608886202,0.901578768986054,-0.2364206498728995
140,0.44026323473730833,0.7300105375115669,0.9012237977496589,-0.23967579111452342
141,0.4434079721282891,0.7241254907050616,0.9009137283419435,-0.24285473365828245
142,0.44655270951926984,0.7182545492541665,0.900648701714707,-0.24595646684189293
143,0.44969744691025065,0.7123985366045549,0.9004288383441363,-0.24898000454978325
144,0.4528421843012314,0.706558270698925,0.9002542381760401,-0.2519243855266044
145,0.45598692169221217,0.7007345638145839,0.9001249805804149,-0.2547886736828354
146,0.459131659083193,0.6949282224022333,0.9000411243153651,-0.25757195839238944
147,0.46227639647417373,0.6891400469259876,0.9000027075003929,-0.260273354782123
148,0.4654211338651545,0.6833708317046607,0.9000097475990696,-0.262892004013159
149,0.4685658712561353,0.6776213647543516,0.9000622414110968,-0.2654270735539322
150,0.47171060864711606,0.6718924276323633,0.9001601650737616,-0.2678777574448705
151,0.4748553460380968,0.6661847952824842,0.9003034740727842,-0.2702432765546295
152,0.4780000834290776,0.6604992358816658,0.9004921032625528,-0.27252287882779686
153,0.4811448208200584,0.6548365106881286,0.9007259668957378,-0.2747158395239884
154,0.48428955821103914,0.6491973738909246,0.901004958662271,-0.2768214614482615
155,0.4874342956020199,0.6435825724609896,0.9013289517376724,-0.2788390751727689
156,0.4905790329930007,0.6379928460037163,0.9016977988407017,-0.2807680392495868
157,0.49372377038398146,0.6324289266130757,0.90211133230031,-0.2826077404146465
158,0.4968685077749622,0.6268915387273192,0.9025693641318603,-0.28435759378270503
159,0.500013245165943,0.6213813989862895,0.9030716861225808,-0.2860170430332954
160,0.5031579825569238,0.6158992160903721,0.9036180699262156,-0.2875855605875933
161,0.5063027199479045,0.6104456906611105,0.9042082671668261,-0.28906264777614754
162,0.5094474573388853,0.6050215151035224,0.9048420095516982,-0.29044783499741905
163,0.5125921947298661,0.5996273734701354,0.9055190089933033,-0.2917406818670783
164,0.5157369321208469,0.5942639413267787,0.9062389577402575,-0.2929407773580143
165,0.5188816695118277,0.5889318856201532,0.9070015285172195,-0.29404773993100985
166,0.5220264069028084,0.583631864547207,0.9078063746736643,-0.29506121765604204
167,0.5251711442937892,0.5783645274263467,0.9086531303414634,-0.2959808883241694
168,0.52831588168477,0.5731305145705081,0.9095414106012027,-0.2968064595499697
169,0.5314606190757507,0.5679304571621118,0.9104708116571587,-0.29753766886449645
170,0.5346053564667316,0.5627649771299315,0.911440911020857,-0.29817428379872396
171,0.5377500938577123,0.5576346870278992,0.9124512677031277,-0.29871610195745496
172,0.5408948312486931,0.5525401899158711,0.913501422414571,-0.2991629510836668
173,0.5440395686396738,0.5474820792423802,0.9145908977743415,-0.29951468911327617
174,0.5471843060306546,0.5424609387293999,0.9157191985271567,-0.29977120422030457
175,0.5503290434216354,0.5374773422591389,0.9168858117684306,-0.29993241485243083
176,0.5534737808126162,0.5325318537628948,0.9180902071774313,-0.2999982697569179
177,0.556618518203597,0.5276250271119879,0.919331837258354,-0.29996874799690804
178,0.5597632555945777,0.5227574060107945,0.9206101375892035,-0.29984385895807875
179,0.5629079929855585,0.5179295238919055,0.921924527078369,-0.2996236423456588
180,0.5660527303765392,0.5131419038134314,0.9232744082287784,-0.2993081681718051
181,0.56919746776752,0.508395058358471,0.9246591674095084,-0.29889753673334446
182,0.5723422051585008,0.5036894895367692,0.9260781751347309,-0.29839187857988614
183,0.5754869425494816,0.4990256886885799,0.9275307863498647,-0.2977913544723174
184,0.5786316799404624,0.4944041363907579,0.9290163407248057,-0.29709615533169403
185,0.5817764173314431,0.489825302365094,0.9305341629541003,-0.2963065021785413
186,0.5849211547224239,0.4852896453889165,0.9320835630639275,-0.29542264606258667
187,0.5880658921134047,0.4807976132079746,0.9336638367257477,-0.2944448679829449
188,0.5912106295043854,0.47634964245162353,0.9352742655764772,-0.2933734787987817
189,0.5943553668953663,0.4719461585503259,0.9369141175450433,-0.292208819130484
190,0.597500104286347,0.46758757565549064,0.9385826471851696,-0.2909512592513691
191,0.6006448416773278,0.4632742965616593,0.9402790960142423,-0.289601198969965
192,0.6037895790683085,0.4590067126310636,0.9420026928581028,-0.2881590675029022
193,0.6069343164592893,0.454785203720562,0.9437526542016084,-0.2866253233384553
194,0.6100790538502701,0.45061013811097694,0.945528184544804,-0.2850004540907787
195,0.6132237912412508,0.4464818724388407,0.947328476764542,-0.2832849763448819
196,0.6163685286322317,0.442400751630569,0.9491527124813849,-0.2814794354923954
197,0.6195132660232124,0.4383671088390742,0.9510000624316259,-0.2795844055581768
198,0.6226580034141932,0.4343812653828286,0.9528696868442564,-0.2776004890178151
199,0.625802740805174,0.4304435306873938,0.9547607358227107,-0.2755283166060889
200,0.6289474781961547,0.42655420222942675,0.9566723497312131,-0.27336854711644076
201,0.6320922155871355,0.4227135654831724,0.958603659585552,-0.27112186719153086
202,0.6352369529781163,0.4189218938694559,0.9605537874481046,-0.26878899110493676
203,0.6383816903690971,0.4151794487071838,0.9625218468269303,-0.26637066053406905
204,0.6415264277600778,0.411486479167364,0.9645069430787547,-0.26386764432437354
205,0.6446711651510586,0.4078432222296546,0.9665081738156561,-0.2612807382448974
206,0.6478159025420394,0.40424990264144844,0.9685246293152762,-0.25861076473529476
207,0.6509606399330201,0.40070673287950515,0.9705553929343614,-0.2558585726443535
208,0.6541053773240009,0.3972139131141346,0.9725995415254529,-0.2530250369601257
209,0.6572501147149817,0.3937716311759417,0.9746561458565318,-0.25011105853174787
210,0.6603948521059625,0.3903800625251379,0.9767242710334308,-0.24711756378303976
211,0.6635395894969432,0.3870393702234266,0.9788029769248203,-0.2440455044179712
212,0.666684326887924,0.38374970490846677,0.9808913185895738,-0.24089585711809308
213,0.6698290642789048,0.38051120477092154,0.982988346706321,-0.2376696232320268
214,0.6729738016698855,0.3773239955340949,0.9850931080049922,-0.23436782845711113
215,0.6761185390608664,0.3741881904361614,0.9872046457001563,-0.2309915225133084
216,0.6792632764518471,0.371103890214993,0.989321999925958,-0.2275417788094739
217,0.6824080138428279,0.3680711830955833,0.9914442081724555,-0.22401969410209252
218,0.6855527512338087,0.3650901447800757,0.9935703057231589,-0.22042638814659396
219,0.6886974886247894,0.3621608384403939,0.995699326093573,-0.21676300334135548
220,0.6918422260157702,0.359283314713478,0.9978303014705427,-0.21303070436450594
221,0.694986963406751,0.3564576116991275,0.9999622631522038,-0.20923067780364654
222,0.6981317007977318,0.35368375496044796,1.0020942419883356,-0.20536413177860668
223,0.7012764381887125,0.3509617575269071,1.0042252688209197,-0.2014322955573526
224,0.7044211755796933,0.3482916198999936,1.0063543749247006,-0.1974364191651742
225,0.7075659129706741,0.34567333006148127,1.0084805924475508,-0.19337777298727188
226,0.7107106503616548,0.34310686348429503,1.0106029548504378,-0.18925764736487038
227,0.7138553877526356,0.34059218314597733,1.0127204973467954,-0.1850773521849883
228,0.7170001251436164,0.3381292395447502,1.0148322573410968,-0.18083821646399348
229,0.7201448625345972,0.33571797071817217,1.0169372748664345,-0.1765415879250773
230,0.723289599925578,0.33335830226438434,1.0190345930209008,-0.17218883256978004
231,0.7264343373165587,0.331050147365941,1.0211232584025804,-0.16778133424370664
232,0.7295790747075395,0.32879340681622127,1.0232023215429475,-0.1633204941965696
233,0.7327238120985202,0.32658796904841425,1.025270837338477,-0.15880773063669668
234,0.7358685494895011,0.32443371016707345,1.0273278654802709,-0.15424447828014928
235,0.7390132868804818,0.3223304939822324,1.0293724708815055,-0.14963218789459118
236,0.7421580242714626,0.32027817204607467,1.0314037241025047,-0.14497232583805553
237,0.7453027616624434,0.318276583692152,1.0334207017732455,-0.14026637359275312
238,0.7484474990534241,0.31632555607714,1.0354224870131052,-0.13551582729407435
239,0.7515922364444049,0.31442490422512465,1.0374081698476585,-0.1307221972549316
240,0.7547369738353857,0.3125744310744087,1.0393768476223348,-0.12588700748559417
241,0.7578817112263665,0.3107739275268306,1.0413276254127473,-0.12101179520916983
242,0.7610264486173473,0.30902317249958317,1.0432596164315109,-0.1160981103728831
243,0.764171186008328,0.307321932979522,1.0451719424313581,-0.11114751515531072
244,0.7673159233993088,0.3056699640799538,1.0470637341043738,-0.10616158346972727
245,0.7704606607902895,0.30406700909989004,1.0489341314771667,-0.10114190046372035
246,0.7736053981812703,0.302512799585757,1.0507822843017984,-0.09609006201523394
247,0.7767501355722511,0.3010070553955455,1.052607352442288,-0.09100767422520024
248,0.7798948729632319,0.29954948476539145,1.0544085062565247,-0.0858963529069226
249,0.7830396103542127,0.29813978437856836,1.0561849269734058,-0.08075772307236802
250,0.7861843477451934,0.2967776394368821,1.0579358070650366,-0.07559341841553777
251,0.7893290851361742,0.295462723734451,1.0596603506138162,-0.07040508079307663
252,0.7924738225271549,0.29419469973385426,1.0613577736742472,-0.06519435970228708
253,0.7956185599181358,0.2929732186446374,1.0630273046293035,-0.05996291175671422
254,0.7987632973091165,0.29179792050415376,1.064668184541192,-0.05471240015946951
255,0.8019080347000973,0.2906684342607279,1.0662796674963528,-0.049444494174456954
256,0.8050527720910781,0.28958437785912394,1.0678610209445365,-0.044160868595675015
257,0.8081975094820588,0.2885453583282985,1.069411526031809,-0.03886320321475903
258,0.8113422468730396,0.2875509718714235,1.0709304779273277,-0.0335531822869348
259,0.8144869842640203,0.2866008039581577,1.0724171861437466,-0.028232493995554456
260,0.8176317216550012,0.28569442941914935,1.0738709748510977,-0.022902829915380694
261,0.820776459045982,0.2848314125427479,1.0752911831840102,-0.017565884474795356
262,0.8239211964369627,0.2840113071739091,1.0766771655421292,-0.01222335441710065
263,0.8270659338279435,0.28323365681526846,1.0780282918835926,-0.006876938261082073
264,0.8302106712189242,0.2824979947303653,1.0793439480114366,-0.0015283357610094944
265,0.833355408609905,0.2818038440489938,1.0806235358527987,0.003820752633755859
266,0.8365001460008858,0.2811507178746613,1.0818664737307895,0.00916862631937542
267,0.8396448833918666,0.28053811939413076,1.0830721966289136,0.014513585078195073
268,0.8427896207828474,0.27996554198902296,1.0842401564479143,0.019853929619286826
269,0.8459343581738281,0.2794324693494588,1.0853698222549304,0.02518796211869321
270,0.8490790955648089,0.27893837558971546,1.0864606805248476,0.030513986759206593
271,0.8522238329557896,0.27848272536587376,1.087512235373738,0.03583031026951028
272,0.8553685703467704,0.2780649739954313,1.0885240087842802,0.041135242462510144
273,0.8585133077377513,0.2776845675788582,1.0894955408230553,0.04642709677268606
274,0.861658045128732,0.27734094312306956,1.0904263898496265,0.05170419079229056
275,0.8648027825197128,0.27703352866678743,1.0913161327172984,0.0569648468062283
276,0.8679475199106935,0.27676174340777027,1.0921643649654733,0.06220739232544098
277,0.8710922573016743,0.27652499783187956,1.092970701003511,0.06743016061863212
278,0.874236994692655,0.2763226938439592,1.0937347742860104,0.072631491242161
279,0.8773817320836359,0.27615422490049946,1.0944562374794355,0.0778097305679379
280,0.8805264694746167,0.2760189761440599,1.0951347626200056,0.08296323230915116
281,0.8836712068655974,0.2759163245394215,1.0957700412627827,0.08809035804366296
282,0.8868159442565782,0.27584563901143894,1.0963617846218834,0.09318947773490206
283,0.8899606816475589,0.27580628058456946,1.0969097237017569,0.09825897025009189
284,0.8931054190385397,0.2757976025240433,1.097413609419465,0.10329722387564787
285,0.8962501564295206,0.2758189504786509,1.0978732127179107,0.10830263682957891
286,0.8993948938205013,0.27586966262511514,1.0982883246699626,0.11327361777073401
287,0.9025396312114821,0.27594906981401984,1.0986587565734296,0.11820858630472682
288,0.9056843686024628,0.2760564957172641,1.0989843400368426,0.12310597348638147
289,0.9088291059934436,0.2761912569770111,1.0992649270560002,0.12796422231853707
290,0.9119738433844243,0.27635266335610287,1.0995003900812501,0.132781788247056
291,0.9151185807754051,0.27654001788990756,1.09969062207547,0.1375571396518738
292,0.918263318166386,0.27675261703956844,1.0998355365627257,0.14228875833393861
293,0.9214080555573667,0.27698975084662425,1.0999350676675799,0.14697513999788203
294,0.9245527929483475,0.27725070308896715,1.0999891701450393,0.15161479473027237
295,0.9276975303393282,0.27753475143810774,1.0999978194011217,0.15620624747329298
296,0.930842267730309,0.2778411676177124,1.0999610115040355,0.16074803849369879
297,0.9339870051212897,0.2781692175633845,1.099878763185968,0.16523872384690066
298,0.9371317425122706,0.27851816158364984,1.099751111835478,0.16967687583603028
299,0.9402764799032514,0.27888725452211893,1.099578115480501,0.17406108346583846
300,0.9434212172942321,0.27927574592079124,1.0993598527619703,0.17838995289128587
301,0.9465659546852129,0.279682880184466,1.0990964228980673,0.1826621078606788
302,0.9497106920761936,0.2801078967462255,1.0987879456391199,0.1868761901532131
303,0.9528554294671744,0.280550030233959,1.0984345612131663,0.19103086001078523
304,0.9560001668581553,0.2810085106378924,1.098036430262209,0.19512479656393356
305,0.959144904249136,0.2814825634790871,1.097593733769191,0.19915669825177398
306,0.9622896416401168,0.2819714099788734,1.097106672975723,0.2031252832357985
307,0.9654343790310975,0.28247426722918717,1.0965754692906045,0.2070292898074018
308,0.9685791164220783,0.28299034836377013,1.0960003641891736,0.21086747678900875
309,0.971723853813059,0.2835188627302005,1.0953816191035377,0.21463862392867486
310,0.9748685912040398,0.28405901606271744,1.094719515303732,0.21834153228803382
311,0.9780133285950207,0.2846100106558064,1.0940143537698575,0.22197502462346796
312,0.9811580659860014,0.28517104553850614,1.093266455055263,0.2255379457603836
313,0.9843028033769822,0.28574131664940083,1.0924761591408267,0.2290291629604681
314,0.9874475407679629,0.2863200170122673,1.0916438252804064,0.23244756628181468
315,0.9905922781589437,0.2869063369123327,1.0907698318375305,0.2357920689317994
316,0.9937370155499244,0.28749946407311405,1.0898545761134006,0.23906160761259931
317,0.9968817529409053,0.2880985838337948,1.0888984741662857,0.2422551428592401
318,1.000026490331886,0.2887028793271113,1.0879019606223896,0.24537165937006644
319,1.0031712277228668,0.28931153165770473,1.0868654884782787,0.24841016632953183
320,1.0063159651138476,0.28992372008090495,1.085789528894957,0.251369697723202
321,1.0094607025048283,0.29053862218190935,1.084674570983686,0.25424931264487427
322,1.012605439895809,0.2911554140553186,1.083521121583643,0.2570480955957143
323,1.0157501772867898,0.29177327048499385,1.0823297050315228,0.25976515677531514
324,1.0188949146777706,0.29239136512419556,1.0811008629231817,0.26239963236458635
325,1.0220396520687514,0.2930088706759711,1.0798351538674407,0.2649506848003826
326,1.0251843894597321,0.293624959073748,1.0785331532321498,0.26741750304178524
327,1.028329126850713,0.2942388016621026,1.0771954528826388,0.269799302827952
328,1.0314738642416938,0.2948495693776583,1.0758226609126642,0.27209532692745153
329,1.0346186016326746,0.2954564329300846,1.0744154013679827,0.27430484537900646
330,1.0377633390236554,0.29605856298315447,1.0729743139626706,0.27642715572356535
331,1.0409080764146361,0.2966551303358233,1.0715000537883217,0.27846158322763104
332,1.0440528138056169,0.2972453061032929,1.0699932910162553,0.2804074810977748
333,1.0471975511965976,0.29782826189802336,1.068454710592869,0.28226423068626755
334,1.0503422885875784,0.29840317001065303,1.0668850119282731,0.28403124168776284
335,1.0534870259785591,0.29896920359079526,1.0652849085783542,0.28570795232696927
336,1.05663176336954,0.299525536827665,1.0636551279204038,0.2872938295372519
337,1.0597765007605207,0.30007134513050737,1.0619964108224675,0.2887883691301077
338,1.0629212381515014,0.30060580530878506,1.060309511306559,0.29019109595545817
339,1.0660659755424822,0.30112809575209043,1.0585951962058968,0.29150156405271216
340,1.0692107129334631,0.301637396609743,1.0568542448163154,0.2927193567925465
341,1.072355450324444,0.3021328899700362,1.0550874485420119,0.29384408700936293
342,1.0755001877154247,0.30261376003909735,1.0532956105357882,0.29487539712437744
343,1.0786449251064054,0.30307919331932176,1.0514795453339532,0.29581295925930284
344,1.0817896624973862,0.30352837878734595,1.0496400784860493,0.29665647534058937
345,1.084934399888367,0.30396050807152236,1.0477780461795732,0.2974056771941894
346,1.0880791372793477,0.30437477562885923,1.0458942948598593,0.2980603266308164
347,1.0912238746703284,0.30477037892138903,1.043989680845304,0.29862021552167106
348,1.0943686120613092,0.3051465185919278,1.0420650699380967,0.2990851658646105
349,1.09751334945229,0.3055023986391926,1.0401213370306426,0.2994550298407392
350,1.1006580868432707,0.30583722659223705,1.038159365707855,0.2997296898614044
351,1.1038028242342515,0.3061502136841697,1.0361800478454908,0.2999090586055805
352,1.1069475616252324,0.30644057502512095,1.0341842832047228,0.29999307904763
353,1.1100922990162132,0.30670752977442306,1.0321729790231238,0.29998172447543386
354,1.113237036407194,0.30695030131196455,1.0301470496022536,0.29987499849888366
355,1.1163817737981747,0.30716811740868666,1.0281074158920345,0.29967293504873393
356,1.1195265111891555,0.30736021039618544,1.026055005072104,0.2993755983658148
357,1.1226712485801362,0.30752581733538364,1.0239907501303371,0.29898308298060833
358,1.125815985971117,0.30766418018424124,1.0219155894387266,0.298495513683195
359,1.1289607233620977,0.30777454596446335,1.0198304663268167,0.29791304548357966
360,1.1321054607530785,0.30785616692717765,1.017736328652883,0.29723586356241066
361,1.1352501981440593,0.30790830071754394,1.0156341283730543,0.29646418321210594
362,1.13839493553504,0.30793021053826053,1.0135248211085697,0.29559824976840676
363,1.1415396729260208,0.3079211653119386,1.0114093657113716,0.29463833853237925
364,1.1446844103170015,0.30788043984230423,1.0092887238282302,0.29358475468289
365,1.1478291477079825,0.3078073149742017,1.0071638594635952,0.29243783317958194
366,1.1509738850989633,0.30770107775235833,1.005035738541379,0.2911979386563829
367,1.154118622489944,0.30756102157888304,1.0029053284658636,0.28986546530557944
368,1.1572633598809248,0.30738644636946577,1.0007735976819379,0.288440836752494
369,1.1604080972719055,0.30717665870824107,0.9986415152348606,0.2869245059208039
370,1.1635528346628863,0.30693097200128955,0.9965100503297499,0.2853169548885461
371,1.166697572053867,0.3066487066287403,0.9943801718910008,0.28361869473485324
372,1.1698423094448478,0.3063291900954477,0.9922528481218302,0.281830265377469
373,1.1729870468358286,0.30597175718020864,0.9901290460641494,0.2799522354010953
374,1.1761317842268093,0.30557575008348736,0.9880097311589652,0.2779852018766256
375,1.17927652161779,0.3051405185736234,0.9858958668075082,0.27592979017132174
376,1.1824212590087708,0.3046654201314853,0.9837884139332881,0.27378665374999467
377,1.1855659963997516,0.3041498200935469,0.9816883305452763,0.2715564739672522
378,1.1887107337907326,0.3035930917933512,0.9795965713024123,0.2692399598508797
379,1.1918554711817133,0.3029946167013351,0.9775140870796342,0.2668378478764241
380,1.195000208572694,0.30235378456298656,0.9754418245356272,0.2643509017330494
381,1.1981449459636748,0.30166999353530344,0.973380725682492,0.26177991208074225
382,1.2012896833546556,0.3009426503215288,0.9713317274575217,0.2591256962989417
383,1.2044344207456363,0.3001711703041313,0.9692957612972888,0.2563890982266751
384,1.207579158136617,0.299354977676007,0.9672737527142312,0.25357098789428095
385,1.2107238955275978,0.29849350556987064,0.9652666208759304,0.25067226124680553
386,1.2138686329185786,0.29758619618581617,0.963275278187277,0.24769383985916044
387,1.2170133703095594,0.29663250091701265,0.9613006298757057,0.24463667064313166
388,1.2201581077005401,0.29563188047351635,0.9593435735796985,0.2415017255463337
389,1.2233028450915209,0.2945838050041677,0.9574049989407329,0.23829000124320374
390,1.2264475824825016,0.29348775421655154,0.9554857871988679,0.23500251881813553
391,1.2295923198734826,0.29234321749499614,0.9535868107921489,0.23164032344085106
392,1.2327370572644634,0.291149694016583,0.9517089329600141,0.22820448403411722
393,1.2358817946554441,0.2899066928651467,0.9498530073508802,0.22469609293390846
394,1.2390265320464249,0.28861373314324,0.9480198776340911,0.22111626554212738
395,1.2421712694374056,0.2872703440820405,0.9462103771164013,0.21746613997199177
396,1.2453160068283864,0.28587606514917846,0.9444253283631692,0.2137468766862006
397,1.2484607442193671,0.2844304461544591,0.9426655428244353,0.2099596581279959
398,1.251605481610348,0.2829330473534624,0.9409318204660513,0.20610568834523452
399,1.2547502190013287,0.2813834395489943,0.9392249494060311,0.20218619260759296
400,1.2578949563923094,0.2797812041903732,0.9375457055562862,0.19820241701702468
401,1.2610396937832902,0.2781259334705263,0.9358948522699112,0.19415562811159412
402,1.264184431174271,0.276417230420879,0.9342731399941772,0.19004711246281406
403,1.2673291685652517,0.2746547090040162,0.9326813059293929,0.18587817626661324
404,1.2704739059562327,0.2728379942040964,0.9311200736937862,0.1816501449280652
405,1.2736186433472134,0.2709667221150014,0.929590152994562,0.1773643626400115
406,1.2767633807381942,0.26904054002619965,0.9280922393052814,0.17302219195570834
407,1.279908118129175,0.2670591065063103,0.9266270135497123,0.1686250133556393
408,1.2830528555201557,0.26502209148434647,0.9251951417922952,0.1641742248086274
409,1.2861975929111364,0.26292917632862206,0.9237972749353616,0.159671241327387
410,1.2893423303021172,0.2607800539233086,0.922434048423246,0.15511749451865733
411,1.292487067693098,0.2585744287426209,0.9211060819534254,0.15051443212806012
412,1.2956318050840787,0.2563120169226212,0.9198139791948154,0.14586351757982663
413,1.2987765424750595,0.2539925463306217,0.9185583275133543,0.1411662295115397
414,1.3019212798660402,0.2516157566321781,0.917339697704997,0.13642406130403956
415,1.305066017257021,0.2491813993556525,0.9161586437362418,0.13163852060664188
416,1.3082107546480017,0.24668923795433745,0.9150157024923076,0.12681112885781975
417,1.3113554920389827,0.24413904786612578,0.9139113935330756,0.12194342080150239
418,1.3145002294299635,0.24153061657071617,0.9128462188569078,0.11703694399914277
419,1.3176449668209442,0.23886374364433763,0.9118206626724465,0.11209325833771007
420,1.320789704211925,0.23613824081198898,0.9108351911785036,0.10711393553376482
421,1.3239344416029057,0.2333539319971747,0.9098902523521339,0.10210055863377217
422,1.3270791789938865,0.230510653369132,0.908986275744994,0.09705472151081339
423,1.3302239163848673,0.22760825338753649,0.9081236722880754,0.09197802835785497
424,1.333368653775848,0.22464659284467958,0.9073028341049034,0.08687209317773815
425,1.3365133911668288,0.22162554490510572,0.9065241343332849,0.08173853927004711
426,1.3396581285578095,0.2185449951427032,0.9057879269556868,0.07657899871502391
427,1.3428028659487903,0.2154048415752412,0.9050945466383219,0.07139511185469076
428,1.345947603339771,0.21220499469634238,0.9044443085790166,0.06618852677134585
429,1.349092340730752,0.20894537750488995,0.9038375083639267,0.06096089876359802
430,1.3522370781217328,0.20562592553185813,0.9032744218331705,0.0557138898201084
431,1.3553818155127135,0.2022465868645611,0.9027553049554367,0.05044916809120365
432,1.3585265529036943,0.1988073221683182,0.9022803937116248,0.04516840735853037
433,1.361671290294675,0.19530810470552673,0.9018499039875743,0.03987328650292042
434,1.3648160276856558,0.19174892035214247,0.9014640314759256,0.0345654889706341
435,1.3679607650766366,0.18812976761156036,0.9011229515871623,0.029246702238152074
436,1.3711055024676173,0.18445065762589513,0.9008268193698729,0.023918617275686012
437,1.374250239858598,0.18071161418465698,0.9005757694402684,0.018582928009578528
438,1.3773949772495788,0.17691267373082456,0.9003699159209885,0.013241330783763218
439,1.3805397146405596,0.17305388536430824,0.9002093523892232,0.007895523820456158
440,1.3836844520315403,0.16913531084280692,0.9000941518341745,0.002547206680250206
441,1.386829189422521,0.16515702458005727,0.9000243666238775,-0.0028019202782161756
442,1.389973926813502,0.1611191136414725,0.9000000284813936,-0.008150156438844359
443,1.3931186642044828,0.15702167773717865,0.9000211484703908,-0.013495801468740172
444,1.3962634015954636,0.15286482921243974,0.9000877169901141,-0.01883715585879381
445,1.3994081389864443,0.14864869303548237,0.9001997037797497,-0.024172521463992538
446,1.402552876377425,0.14437340678271712,0.9003570579321807,-0.029500202043302337
447,1.4056976137684059,0.14003912062136106,0.9005597079171296,-0.034818503798943724
448,1.4088423511593866,0.13564599728946594,0.9008075616136733,-0.04012573591489083
449,1.4119870885503674,0.13119421207335338,0.9011005063521206,-0.04542021109442271
450,1.4151318259413481,0.1266839527824639,0.9014384089652291,-0.05070024609655422
451,1.4182765633323289,0.12211541972162282,0.901821115848741,-0.05596416227118174
452,1.4214213007233096,0.11748882566073207,0.9022484530312085,-0.061210286092762446
453,1.4245660381142904,0.11280439580188856,0.9027202262530778,-0.06643694969237253
454,1.4277107755052711,0.10806236774394085,0.9032362210549965,-0.07164249138795863
455,1.4308555128962521,0.10326299144448772,0.9037962028753024,-0.07682525621263123
456,1.4340002502872329,0.0984065291793301,0.9043999171566505,-0.0819835964408122
457,1.4371449876782136,0.09349325549937751,0.9050470894617311,-0.08711587211209369
458,1.4402897250691944,0.08852345718502744,0.905737425598023,-0.09222045155261462
459,1.4434344624601751,0.08349743319801897,0.9064706117515283,-0.09729571189381388
460,1.446579199851156,0.07841549463077371,0.9072463146294265,-0.102340039588375
461,1.4497239372421367,0.07327796465323275,0.908064181611583,-0.10735183092321583
462,1.4528686746331174,0.06808517845720413,0.9089238409108437,-0.11232949252934392
463,1.4560134120240982,0.06283748319822663,0.909824901742043,-0.11727144188842832
464,1.459158149415079,0.057535237934965816,0.9107669544996465,-0.1221761078359218
465,1.4623028868060597,0.05217881356615206,0.9117495709439514,-0.12704193106056824
466,1.4654476241970404,0.046768592765077055,0.9127723043957552,-0.13186736460014922
467,1.4685923615880212,0.04130496991165683,0.9138346899394081,-0.1366508743332966
468,1.4717370989790022,0.035788351022079,0.9149362446341556,-0.14139093946723036
469,1.474881836369983,0.030219153676048688,0.9160764677336732,-0.146086053021252
470,1.4780265737609637,0.024597806941643763,0.9172548409136977,-0.15073472230585178
471,1.4811713111519444,0.018924751297799608,0.9184708285076472,-0.15533546939726955
472,1.4843160485429252,0.013200438554437977,0.9197238777501247,-0.1598868316073644
473,1.487460785933906,0.00742533177025273,0.9210134190281959,-0.1643873619486348
474,1.4906055233248867,0.001599905168174598,0.9223388661403243,-0.16883562959425472
475,1.4937502607158675,-0.004275355951473381,0.9236996165628473,-0.17323022033296404
476,1.4968949981068482,-0.010199955300105923,0.9250950517238723,-0.17756973701868406
477,1.500039735497829,-0.016173385692278774,0.9265245372844687,-0.18185280001470014
478,1.5031844728888097,-0.022195129139343073,0.9279874234270254,-0.18607804763228503
479,1.5063292102797905,-0.028264656945332867,0.9294830451506475,-0.19024413656360886
480,1.5094739476707715,-0.03438142980506567,0.9310107225734514,-0.19434974230881305
481,1.5126186850617522,-0.04054489790443472,0.9325697612416276,-0.19839355959709537
482,1.515763422452733,-0.0467545010228784,0.9341594524451271,-0.20237430280169294
483,1.5189081598437137,-0.05300966863799739,0.9357790735398264,-0.20629070634860885
484,1.5220528972346945,-0.05930982003230398,0.937427888276029,-0.21014152511897236
485,1.5251976346256753,-0.06565436440208111,0.939105147133151,-0.21392553484488866
486,1.528342372016656,-0.07204270096832557,0.9408100876604386,-0.21764153249866647
487,1.5314871094076368,-0.07847421908975749,0.9425419348235643,-0.2212883366752864
488,1.5346318467986175,-0.08494829837786974,0.9442999013569437,-0.22486478796800086
489,1.5377765841895983,-0.09146430881399442,0.9460831881216109,-0.22836974933693477
490,1.540921321580579,-0.09802161086836267,0.947890984468493,-0.23180210647057925
491,1.5440660589715598,-0.10461955562113434,0.9497224686069154,-0.2351607681400587
492,1.5472107963625406,-0.11125748488537099,0.9515768079781735,-0.23844466654605664
493,1.5503555337535215,-0.11793473133193008,0.9534531596339978,-0.24165275765829725
494,1.5535002711445023,-0.12465061861624874,0.9553506706197423,-0.24478402154746548
495,1.556645008535483,-0.1314044615070005,0.9572684783621227,-0.24783746270946813
496,1.5597897459264638,-0.1381955660165907,0.9592057110613257,-0.2508121103819294
497,1.5629344833174446,-0.1450232295334657,0.9611614880873129,-0.2537070188528177
498,1.5660792207084253,-0.151886740956212,0.963134920380139,-0.25652126776111145
499,1.569223958099406,-0.1587853808294156,0.9651251108541025,-0.2592539623894044
500,1.5723686954903868,-0.1657184214812515,0.9671311548055431,-0.2619042339483562
501,1.5755134328813676,-0.1726851271627806,0.9691521403241039,-0.2644712398529035
502,1.5786581702723483,-0.17968475418892035,0.9711871487072694,-0.26695416399013566
503,1.581802907663329,-0.18671655108106494,0.9732352548779892,-0.2693522169787592
504,1.5849476450543099,-0.19377975871131964,0.9752955278052027,-0.27166463642005867
505,1.5880923824452906,-0.20087361044832705,0.9773670309270668,-0.27389068714028375
506,1.5912371198362716,-0.2079973323046507,0.9794488225767003,-0.2760296614243767
507,1.5943818572272523,-0.21515014308568522,0.9815399564102486,-0.2780808792409733
508,1.597526594618233,-0.22233125454006952,0.9836394818370735,-0.28004368845860056
509,1.6006713320092139,-0.22953987151156088,0.985746444451874,-0.2819174650530057
510,1.6038160694001946,-0.23677519209234935,0.9878598864685418,-0.2837016133055473
511,1.6069608067911754,-0.24403640777777588,0.9899788471555526,-0.2853955659925899
512,1.6101055441821561,-0.2513227036224225,0.9921023632726965,-0.28699878456583683
513,1.6132502815731369,-0.2586332583975454,0.9942294695089506,-0.28851075932354875
514,1.6163950189641176,-0.2659672447498149,0.9963591989212895,-0.28993100957258894
515,1.6195397563550984,-0.2733238293613335,0.998490583374241,-0.29125908378124854
516,1.6226844937460791,-0.28070217311089674,1.0006226539799825,-0.29249455972279814
517,1.62582923113706,-0.2881014312364655,1.0027544415387781,-0.29363704460972434
518,1.6289739685280407,-0.2955207534988136,1.0048849769795611,-0.2946861752186065
519,1.6321187059190216,-0.30295928434632363,1.0070132918004537,-0.295641618005594
520,1.6352634433100024,-0.3104161630808856,1.00913841850903,-0.2965030692124476
521,1.6384081807009832,-0.31789052402488127,1.0112593910621224,-0.29727025496311216
522,1.641552918091964,-0.3253814966892016,1.0133752453049638,-0.29794293135078764
523,1.6446976554829447,-0.3328882059422785,1.0154850194094767,-0.29852088451547343
524,1.6478423928739254,-0.3404097721800843,1.017587754311502,-0.29900393071195963
525,1.6509871302649062,-0.34794531149707375,1.0196824941467706,-0.2993919163682437
526,1.654131867655887,-0.3554939358580266,1.0217682866854227,-0.2996847181343551
527,1.6572766050468677,-0.3630547532707584,1.023844183764874,-0.2998822429215708
528,1.6604213424378484,-0.37062686795966526,1.0259092417208315,-0.2999844279320108
529,1.6635660798288292,-0.37820938054006464,1.0279625218162673,-0.29999124067860283
530,1.66671081721981,-0.3858013881932964,1.0300030906681503,-0.29990267899541095
531,1.6698555546107907,-0.3934019848425534,1.0320300206717443,-0.29971877103832406
532,1.6730002920017717,-0.40101026132939616,1.0340423904222813,-0.2994395752761044
533,1.6761450293927525,-0.4086253055909243,1.036039285133813,-0.29906518047179903
534,1.6792897667837332,-0.41624620283756597,1.0380197970550575,-0.29859570565452
535,1.682434504174714,-0.42387203573144583,1.0399830258820457,-0.29803130008160184
536,1.6855792415656947,-0.43150188456529515,1.0419280791673815,-0.29737214319114935
537,1.6887239789566755,-0.43913482744187565,1.0438540727259333,-0.29661844454499
538,1.6918687163476562,-0.4467699404538673,1.045760131036768,-0.2957704437620485
539,1.695013453738637,-0.4544062978641955,1.0476453876411451,-0.2948284104421673
540,1.6981581911296177,-0.4620429722867515,1.0495089855363948,-0.2937926440803931
541,1.7013029285205985,-0.4696790348674732,1.0513500775654947,-0.2926634739717612
542,1.7044476659115793,-0.4773135554657523,1.0531678268021707,-0.2914412591066042
543,1.70759240330256,-0.4849456028361226,1.0549614069313498,-0.29012638805642
544,1.7107371406935408,-0.4925742448101977,1.0567300026247861,-0.28871927885033666
545,1.7138818780845217,-0.5001985484788241,1.0584728099116953,-0.28722037884220947
546,1.7170266154755025,-0.5078175803744008,1.0601890365442235,-0.2856301645683976
547,1.7201713528664833,-0.5154304066533433,1.0618779023575895,-0.28394914159626133
548,1.723316090257464,-0.5230360932786411,1.0635386396247322,-0.28217784436342946
549,1.7264608276484448,-0.5306337062024795,1.065170493405307,-0.2803168360078896
550,1.7296055650394255,-0.5382223115488848,1.066772721888865,-0.2783667081889529
551,1.7327503024304063,-0.5458009757963571,1.0683445967320677,-0.27632808089915056
552,1.735895039821387,-0.5533687659604515,1.0698854033897793,-0.2742016022671244
553,1.7390397772123678,-0.5609247497762737,1.0713944414398837,-0.27198794835157014
554,1.7421845146033486,-0.5684679958808481,1.0728710249016846,-0.26968782292630317
555,1.7453292519943293,-0.5759975739953224,1.0743144825477393,-0.2673019572565105
556,1.74847398938531,-0.5835125551069769,1.0757241582089865,-0.2648311098662659
557,1.751618726776291,-0.5910120116509924,1.0770994110730279,-0.2622760662973744
558,1.7547634641672718,-0.5984950176919425,1.0784396159754304,-0.25963763885963276
559,1.7579082015582526,-0.6059606491049783,1.0797441636839138,-0.25691666637257315
560,1.7610529389492333,-0.6134079837566642,1.0810124611752967,-0.2541140138987854
561,1.764197676340214,-0.6208361016854229,1.0822439319050736,-0.25123057246889036
562,1.7673424137311948,-0.6282440852815617,1.0834380160695016,-0.24826725879826175
563,1.7704871511221756,-0.6356310194668406,1.0845941708600768,-0.24522501499557853
564,1.7736318885131563,-0.6429959918735366,1.0857118707102844,-0.24210480826330794
565,1.776776625904137,-0.6503380930229864,1.0867906075345124,-0.23890763059020612
566,1.7799213632951179,-0.657656416503545,1.0878298909590174,-0.2356344984359437
567,1.7830661006860986,-0.664950059147953,1.0888292485448388,-0.23228645240794613
568,1.7862108380770794,-0.6722181212100511,1.0897882260025622,-0.2288645569305619
569,1.7893555754680601,-0.6794597065408161,1.09070638739883,-0.22536989990665543
570,1.792500312859041,-0.6866739227636915,1.0915833153545083,-0.2218035923717356
571,1.7956450502500219,-0.6938598814491539,1.0924186112344205,-0.21816676814073277
572,1.7987897876410026,-0.7010166982885048,1.0932118953285592,-0.21446058344753097
573,1.8019345250319834,-0.7081434932668332,1.0939628070246952,-0.21068621657737205
574,1.8050792624229641,-0.7152393908351234,1.0946710049723052,-0.20684486749225298
575,1.8082239998139449,-0.722303520081469,1.0953361672377429,-0.20293775744942633
576,1.8113687372049256,-0.7293350149013593,1.0959579914505855,-0.19896612861313562
577,1.8145134745959064,-0.7363330141670046,1.0965361949410841,-0.19493124365970046
578,1.8176582119868872,-0.7432966618956611,1.0970705148686606,-0.19083438537608013
579,1.820802949377868,-0.7502251074169253,1.0975607083413912,-0.18667685625204752
580,1.8239476867688487,-0.7571175055389635,1.0980065525264184,-0.18245997806609318
581,1.8270924241598294,-0.7639730167136383,1.0984078447512493,-0.17818509146520334
582,1.8302371615508102,-0.7707908072005055,1.0987644025958843,-0.17385355553863255
583,1.8333818989417912,-0.7775700492296362,1.0990760639757435,-0.1694667473858198
584,1.836526636332772,-0.7843099211632447,1.099342687215347,-0.16502606167857342
585,1.8396713737237527,-0.7910096076560809,1.099564151112717,-0.16053291021767258
586,1.8428161111147334,-0.797668299814553,1.0997403549944758,-0.15598872148401985
587,1.8459608485057142,-0.8042851953545498,1.0998712187616075,-0.15139494018449592
588,1.849105585896695,-0.8108594987579397,1.0999566829258727,-0.14675302679264912
589,1.8522503232876757,-0.8173904214276921,1.0999967086368474,-0.14206445708437918
590,1.8553950606786564,-0.8238771818416176,1.0999912776995868,-0.137330721668749
591,1.8585397980696372,-0.8303190057046689,1.0999403925828937,-0.13255332551408788
592,1.861684535460618,-0.83671512609979,1.099844076418198,-0.1277337874695222
593,1.8648292728515987,-0.8430647836372767,1.0997023729890414,-0.12287363978210047
594,1.8679740102425795,-0.8493672266026093,1.099515346711173,-0.11797442760965135
595,1.8711187476335602,-0.8556217111027485,1.099283082603268,-0.11303770852954419
596,1.8742634850245412,-0.8618275012108371,1.0990056862482807,-0.10806505204349577
597,1.877408222415522,-0.8679838691093007,1.0986832837454463,-0.10305803907858899
598,1.8805529598065027,-0.8740900952313084,1.0983160216529604,-0.09801826148465609
599,1.8836976971974835,-0.8801454684005618,1.0979040669213556,-0.09294732152819483
600,1.8868424345884642,-0.8861492859693921,1.0974476068176084,-0.08784683138296542
601,1.889987171979445,-0.8921008539551275,1.096946848840012,-0.08271841261744522
602,1.8931319093704257,-0.8979994871747117,1.0964020206238516,-0.07756369567929164
603,1.8962766467614065,-0.90384450937754,1.0958133698379242,-0.07238431937698209
604,1.8994213841523873,-0.909635253376488,1.0951811640719542,-0.06718193035880088
605,1.902566121543368,-0.915371061177108,1.094505690714952,-0.06195818258932606
606,1.9057108589343488,-0.921051284104959,1.0937872568245715,-0.0567147368235985
607,1.9088555963253295,-0.9266752829310576,1.0930261889875286,-0.05145326007912363
608,1.9120003337163105,-0.9322424279954102,1.0922228331711394,-0.046175425105890254
609,1.9151450711072913,-0.9377520993286086,1.0913775545660516,-0.04088290985456095
610,1.918289808498272,-0.9432036867714647,1.0904907374202342,-0.03557739694301227
611,1.9214345458892528,-0.9485965900926583,1.0895627848643061,-0.030260573121387954
612,1.9245792832802335,-0.9539302191043678,1.0885941187282804,-0.02493412873584417
613,1.9277240206712143,-0.9592039937758752,1.0875851793498084,-0.01959975719114361
614,1.930868758062195,-0.964417344345104,1.0865364253740095,-0.014259154412285611
615,1.9340134954531758,-0.9695697114280816,1.0854483335449814,-0.00891401830532658
616,1.9371582328441566,-0.9746605461262978,1.0843213984890787,-0.003566048217579071
617,1.9403029702351373,-0.9796893101319328,1.083156132490067,0.0017830556026558397
618,1.943447707626118,-0.9846554758309471,1.081953065256247,0.007131592546634126
619,1.9465924450170988,-0.9895585264039943,1.0807127436796593,0.012477862185837485
620,1.9497371824080796,-0.9943979559251519,1.0794357315874779,0.01782016481257673
621,1.9528819197990606,-0.9991732694584397,1.0781226094857037,0.023156801980371875
622,1.9560266571900413,-1.00388398315211,1.0767739742952784,0.02848607704392804
623,1.959171394581022,-1.0085296243306923,1.0753904390807347,0.033806295698541926
624,1.9623161319720028,-1.0131097315847686,1.0739726327715085,0.03911576651875832
625,1.9654608693629836,-1.0176238548584648,1.0725211998760398,0.044412801496119134
626,1.9686056067539643,-1.0220715555346391,1.0710368001887902,0.04969571657581768
627,1.971750344144945,-1.0264524065177498,1.0695201084903136,0.054962832192104426
628,1.9748950815359259,-1.030765992314388,1.0679718142405128,0.06021247380225761
629,1.9780398189269066,-1.0350119091114507,1.0663926212652242,0.06544297241896227
630,1.9811845563178874,-1.0391897648519535,1.064783247436271,0.07065266514092298
631,1.9843292937088681,-1.0432991793084492,1.063144424345133,0.07583989568153653
632,1.9874740310998489,-1.0473397841540508,1.0614768969703778,0.08100301489546936
633,1.9906187684908296,-1.0513112230310413,1.0597814233390077,0.08614038130295658
634,1.9937635058818106,-1.0552131516170498,1.058058774181875,0.0912503616116722
635,1.9969082432727914,-1.0590452376887887,1.0563097325833213,0.09633133123598614
636,2.000052980663772,-1.0628071611833385,1.0545350936252027,0.10138167481346612
637,2.0031977180547527,-1.0664986142569575,1.0527356640254604,0.10639978671843357
638,2.0063424554457336,-1.0701193013414216,1.0509122617713995,0.11138407157243782
639,2.009487192836714,-1.0736689391978618,1.0490657157478513,0.11633294475145617
640,2.012631930227695,-1.0771472569681104,1.0471968653603736,0.12124483288969296
641,2.015776667618676,-1.0805539962235264,1.0453065601536744,0.12611817437978445
642,2.0189214050096567,-1.0838889110113041,1.0433956594254254,0.13095141986927344
643,2.0220661424006376,-1.087151767898248,1.0414650318356393,0.1357430327531869
644,2.025210879791618,-1.0903423460120036,1.039515555011794,0.14049148966255648
645,2.028355617182599,-1.0934604370797456,1.03754811514988,0.1451952809487378
646,2.0315003545735797,-1.0965058454643017,1.035563606611551,0.14985291116336047
647,2.0346450919645607,-1.0994783881977213,1.0335629315175643,0.15446289953377063
648,2.037789829355541,-1.1023778950122605,1.0315469993376947,0.15902378043380058
649,2.040934566746522,-1.105204208368803,1.0295167264773026,0.1635341038497303
650,2.0440793041375027,-1.107957183482688,1.0274730358607584,0.16799243584127796
651,2.0472240415284837,-1.1106366883469558,1.0254168565118937,0.17239735899748762
652,2.0503687789194642,-1.1132426037529952,1.023349123131687,0.17674747288735476
653,2.053513516310445,-1.1157748233085996,1.0212707756733637,0.18104139450506096
654,2.056658253701426,-1.1182332534534163,1.0191827589151141,0.18527775870965976
655,2.0598029910924067,-1.120617813471796,1.0170860220306117,0.18945521865909187
656,2.0629477284833877,-1.1229284355030353,1.0149815181575375,0.19357244623837813
657,2.0660924658743682,-1.125165064549009,1.0128702039643018,0.19762813248185662
658,2.069237203265349,-1.1273276584791936,1.0107530392151594,0.20162098798933775
659,2.0723819406563297,-1.12941618803308,1.0086309863339207,0.20554974333603226
660,2.0755266780473107,-1.1314306368199747,1.0065050099664483,0.20941314947613512
661,2.0786714154382913,-1.1333710013161904,1.0043760765421506,0.21320997813992412
662,2.0818161528292722,-1.135237290859625,1.002245153834658,0.21693902222425931
663,2.0849608902202528,-1.1370295276417328,1.0001132105218926,0.22059909617634724
664,2.0881056276112337,-1.138747746696886,0.9979812157457244,0.22418903637065954
665,2.0912503650022143,-1.140391995889134,0.9958501386714187,0.22770770147887465
666,2.0943951023931953,-1.1419623358963582,0.9937209480470688,0.2311539728327364
667,2.0975398397841762,-1.143458840191827,0.9915946117632245,0.23452675477970297
668,2.1006845771751568,-1.1448815950231583,0.9894720964129049,0.23782497503128247
669,2.1038293145661378,-1.1462306993886886,0.9873543668522028,0.2410475850039402
670,2.1069740519571183,-1.147506265011258,0.9852423857616812,0.24419356015246496
671,2.1101187893480993,-1.1487084163094141,0.9831371132087541,0.24726190029570264
672,2.11326352673908,-1.149837290366041,0.9810395062112595,0.25025162993453054
673,2.116408264130061,-1.1508930368944226,0.9789505183024155,0.25316179856199944
674,2.1195530015210413,-1.1518758182017417,0.9768710990973631,0.2559914809655156
675,2.1226977389120223,-1.15278580915003,0.9748021938614875,0.25873977752099403
676,2.125842476303003,-1.1536231971145696,0.9727447430807195,0.2614058144788664
677,2.128987213693984,-1.1543881819397597,0.9706996820340057,0.2639887442418698
678,2.1321319510849643,-1.1550809758924565,0.9686679403681511,0.26648774563451627
679,2.1352766884759453,-1.1557018036127944,0.9666504416752162,0.2689020241641661
680,2.1384214258669263,-1.1562509020625005,0.9646481030726705,0.2712308122736143
681,2.141566163257907,-1.1567285204707125,0.9626618347864885,0.2734733695851166
682,2.144710900648888,-1.15713492027731,0.960692539737376,0.27562898313577383
683,2.1478556380398683,-1.157470375073775,0.9587411131303208,0.27769696760419815
684,2.1510003754308493,-1.1577351705415866,0.9568084420476484,0.2796766655283954
685,2.15414511282183,-1.1579296043881713,0.9548954050457708,0.2815674475147861
686,2.157289850212811,-1.1580539862804147,0.9530028717558109,0.28336871243830636
687,2.1604345876037914,-1.158108637775754,0.9511317024882858,0.2850798876335189
688,2.1635793249947723,-1.15809389225086,0.9492827478420228,0.28670042907667814
689,2.166724062385753,-1.1580100948279302,0.9474568483174962,0.2882298215586868
690,2.169868799776734,-1.1578576022986002,0.9456548339347484,0.28966757884889593
691,2.1730135371677144,-1.1576367830454979,0.9438775238560804,0.2910132438496862
692,2.1761582745586954,-1.1573480169614472,0.9421257260136743,0.2922663887417931
693,2.1793030119496763,-1.1569916953663473,0.9404002367423239,0.29342661512031865
694,2.182447749340657,-1.1565682209217376,0.9387018404174342,0.2944935541213953
695,2.185592486731638,-1.1560780075430697,0.9370313090984593,0.2954668665394563
696,2.1887372241226184,-1.1555214803097025,0.9353894021779391,0.2963462429350771
697,2.1918819615135994,-1.1548990753726407,0.9337768660362925,0.29713140373335384
698,2.19502669890458,-1.154211239860036,0.9321944337025284,0.2978220993127866
699,2.198171436295561,-1.1534584317804657,0.930642824521022,0.29841811008464053
700,2.2013161736865414,-1.152641119924018,0.9291227438245163,0.29891924656275787
701,2.2044609110775224,-1.151759783761194,0.9276348826134895,0.29932534942380074
702,2.207605648468503,-1.1508149133396544,0.9261799172420401,0.2996362895579034
703,2.210750385859484,-1.1498070091788304,0.9247585091104276,0.2998519681097194
704,2.213895123250465,-1.1487365821624178,0.9233713043644137,0.2999723165098505
705,2.2170398606414454,-1.147604153428782,0.9220189336015355,0.299997296496646
706,2.2201845980324264,-1.1464102542592884,0.9207020115844473,0.2999269001283674
707,2.223329335423407,-1.1451554259645933,0.9194211369614618,0.29976114978571317
708,2.226474072814388,-1.1438402197689028,0.9181768919944149,0.29950009816470313
709,2.2296188102053685,-1.1424651966922403,0.9169698422939809,0.2991438282599257
710,2.2327635475963494,-1.1410309274307335,0.9158005365625559,0.2986924533381513
711,2.23590828498733,-1.1395379922349531,0.9146695063448281,0.2981461169023226
712,2.239053022378311,-1.137986980786326,0.9135772657861474,0.29750499264593105
713,2.2421977597692915,-1.136378492071649,0.9125243113988045,0.29676928439779604
714,2.2453424971602725,-1.1347131342557255,0.9115111218363254,0.2959392260572623
715,2.248487234551253,-1.1329915245521602,0.9105381576758852,0.29501508151983813
716,2.251631971942234,-1.1312142890923265,0.9096058612089365,0.2939971445932963
717,2.254776709333215,-1.1293820627925442,0.9087146562401542,0.29288573890426567
718,2.2579214467241955,-1.1274954892194877,0.9078649478947802,0.29168121779534273
719,2.2610661841151765,-1.1255552204538568,0.9070571224344611,0.29038396421275486
720,2.264210921506157,-1.1235619169523356,0.9062915470816617,0.28899439058461335
721,2.267355658897138,-1.1215162474078695,0.9055685698527312,0.28751293868979144
722,2.2705003962881185,-1.1194188886082885,0.9048885193997028,0.28594007951747413
723,2.2736451336790995,-1.1172705252933053,0.9042517048608936,0.2842763131174164
724,2.27678987107008,-1.1150718500099188,0.9036584157203762,0.28252216844096917
725,2.279934608461061,-1.1128235629662522,0.903108921676385,0.2806782031729087
726,2.2830793458520415,-1.110526371883856,0.9026034725187164,0.27874500355413945
727,2.2862240832430225,-1.1081809918485062,0.9021422980151783,0.2767231841953104
728,2.289368820634003,-1.1057881451595284,0.9017256078071426,0.2746133878814181
729,2.292513558024984,-1.1033485611776768,0.901353591314246,0.27241628536744794
730,2.295658295415965,-1.1008629761716078,0.9010264176482828,0.2701325751651266
731,2.2988030328069455,-1.0983321331629656,0.9007442355363311,0.2677629833208477
732,2.3019477701979265,-1.0957567817701253,0.9005071732531426,0.26530826318484346
733,2.305092507588907,-1.093137678050617,0.9003153385628324,0.2627691951716782
734,2.308237244979888,-1.0904755843422682,0.9001688186698911,0.26014658651213385
735,2.3113819823708686,-1.087771269103095,0.9000676801795433,0.2574412709965739
736,2.3145267197618495,-1.0850255067499734,0.9000119690674699,0.2546541087098593
737,2.31767145715283,-1.0822390774961315,0.9000017106589089,0.25178598575790884
738,2.320816194543811,-1.0794127671874822,0.9000369096171423,0.24883781398598281
739,2.3239609319347916,-1.0765473671378478,0.9001175499413769,0.24581053068878758
740,2.3271056693257726,-1.0736436739630926,0.9002435949740175,0.2427050983124843
741,2.330250406716753,-1.0707024894142134,0.9004149874173314,0.23952250414870832
742,2.333395144107734,-1.0677246202094084,0.9006316493594939,0.23626376002067928
743,2.336539881498715,-1.064710877865172,0.9008934823100065,0.23292990196152513
744,2.3396846188896956,-1.06166207852644,0.9012003672444686,0.22952198988489753
745,2.3428293562806766,-1.0585790427958224,0.9015521646586832,0.2260411072480004
746,2.345974093671657,-1.0554625955619694,0.9019487146320737,0.22248836070713526
747,2.349118831062638,-1.052313565827085,0.9023898369003805,0.2188648797658652
748,2.3522635684536186,-1.0491327865336477,0.9028753309376057,0.21517181641592195
749,2.3554083058445996,-1.0459210943903523,0.903404976047169,0.21141034477095672
750,2.35855304323558,-1.0426793296973265,0.9039785314622311,0.20758166069326436
751,2.361697780626561,-1.0394083361706448,0.9045957364551431,0.2036869814135869
752,2.3648425180175416,-1.0361089607661857,0.9052563104559681,0.19972754514412983
753,2.3679872554085226,-1.0327820535028593,0.9059599531800228,0.1957046106849013
754,2.371131992799503,-1.0294284672852523,0.9067063447643813,0.1916194570235127
755,2.374276730190484,-1.0260490577257146,0.9074951459132792,0.18747338292855442
756,2.377421467581465,-1.0226446829659381,0.9083259980523508,0.18326770653668856
757,2.3805662049724456,-1.0192162034980503,0.9091985234916311,0.17900376493358242
758,2.3837109423634266,-1.0157644819852687,0.9101123255972455,0.17468291372881103
759,2.386855679754407,-1.0122903830821541,0.911066988971713,0.1703065266248849
760,2.390000417145388,-1.008794773254487,0.9120620796427784,0.16587599498050912
761,2.3931451545363687,-1.0052785205988255,0.9130971452606866,0.16139272736824248
762,2.3962898919273496,-1.0017424946617577,0.9141717153038147,0.15685814912667437
763,2.39943462931833,-0.9981875662589079,0.9152853012925604,0.15227370190727896
764,2.402579366709311,-0.994614607293714,0.9164373970113963,0.147640843216076
765,2.4057241041002917,-0.991024490576033,0.9176274787389866,0.1429610459502581
766,2.4088688414912727,-0.9874180896405932,0.9188550054862613,0.1382357979299178
767,2.412013578882253,-0.9837962785653461,0.920119419242338,0.13346660142503733
768,2.415158316273234,-0.9801599317897435,0.9214201452281858,0.1286549726778772
769,2.418303053664215,-0.976509923932986,0.9227565921579073,0.12380244142092955
770,2.4214477910551957,-0.9728471296122745,0.924128152507527,0.11891055039057813
771,2.4245925284461767,-0.9691724232611033,0.9255342027911602,0.11398085483662367
772,2.427737265837157,-0.9654866789476374,0.9269741038444379,0.10901492202783605
773,2.430882003228138,-0.9617907701932007,0.9284472011150606,0.10401433075367753
774,2.4340267406191187,-0.9580855697909259,0.9299528249603424,0.09898067082237388
775,2.4371714780100997,-0.9543719496245873,0.9314902909516218,0.0939155425554668
776,2.4403162154010802,-0.9506507804876746,0.9330589001853878,0.08882055627904463
777,2.443460952792061,-0.9469229319027208,0.9346579396009894,0.08369733181176899
778,2.4466056901830417,-0.9431892719409438,0.9362866823047793,0.07854749794990692
779,2.4497504275740227,-0.9394506670422207,0.9379443879005477,0.07337269194948799
780,2.4528951649650033,-0.9357079818354466,0.9396303028260895,0.06817455900578762
781,2.4560399023559842,-0.9319620789593024,0.9413436606957638,0.06295475173027543
782,2.459184639746965,-0.928213818883479,0.9430836826488757,0.057714929625213955
783,2.4623293771379458,-0.924464059730387,0.9448495777037316,0.052456758556061335
784,2.4654741145289267,-0.9207136570973904,0.9466405431172081,0.04718191022185113
785,2.4686188519199073,-0.9169634638796066,0.9484557647496605,0.04189206162372259
786,2.4717635893108882,-0.9132143300932982,0.9502944174350174,0.03658889453175751
787,2.4749083267018688,-0.9094671026999064,0.9521556653558854,0.03127409495030928
788,2.4780530640928498,-0.9057226254307467,0.9540386624234971,0.025949352581977312
789,2.4811978014838303,-0.9019817386124206,0.955942552662325,0.020616360290414224
790,2.4843425388748113,-0.898245278992959,0.9578664705991953,0.015276813562119487
791,2.487487276265792,-0.8945140795687568,0.9598095416567134,0.00993240996740776
792,2.490632013656773,-0.8907889694123087,0.9617708825508315,0.004584848620705678
793,2.4937767510477533,-0.8870707735008049,0.963749601692373,-0.000764170359630561
794,2.4969214884387343,-0.8833603125456029,0.9657447995923333,-0.006112946391833836
795,2.5000662258297153,-0.8796584028226265,0.9677555692707694,-0.011459778971370757
796,2.503210963220696,-0.8759658560037145,0.9697809966690959,-0.016802968211580394
797,2.506355700611677,-0.8722834789889589,0.9718201610656015,-0.022140815384108083
798,2.5095004380026573,-0.8686120737400713,0.9738721354939898,-0.027471623458968808
799,2.5126451753936383,-0.8649524371148009,0.975935987164761,-0.032793697644078114
800,2.515789912784619,-0.8613053607024511,0.9780107778892418,-0.03810534592406302
801,2.5189346501756,-0.8576716306605164,0.9800955645060692,-0.0434048795981986
802,2.5220793875665803,-0.8540520275524844,0.9821893993099302,-0.048690613817282395
803,2.5252241249575613,-0.8504473261868241,0.9842913304823768,-0.05396086811929263
804,2.528368862348542,-0.8468582954572084,0.9864004025245006,-0.05921396696364339
805,2.531513599739523,-0.8432856981839865,0.9885156566912864,-0.06444824026388336
806,2.5346583371305034,-0.8397302909569577,0.9906361314274397,-0.06966202391865237
807,2.5378030745214843,-0.8361928239794576,0.9927608628044935,-0.07485366034074334
808,2.5409478119124653,-0.8326740409138123,0.9948888849589888,-0.08002149898408605
809,2.544092549303446,-0.8291746787281719,0.9970192305315407,-0.0851638968684944
810,2.547237286694427,-0.825695467544764,0.9991509311065836,-0.0902792191020165
811,2.5503820240854074,-0.8222371304896035,1.0012830176525895,-0.09536583940069537
812,2.5535267614763884,-0.8188003835436753,1.0034145209625782,-0.10042214060561343
813,2.556671498867369,-0.8153859353956371,1.0055444720946964,-0.10544651519701963
814,2.55981623625835,-0.8119944872960569,1.007671902812682,-0.11043736580540313
815,2.5629609736493304,-0.8086267329132305,1.009795846026006,-0.11539310571933152
816,2.5661057110403114,-0.8052833581905917,1.0119153362294964,-0.12031215938990848
817,2.569250448431292,-0.8019650412057638,1.0140294099422338,-0.12519296293167478
818,2.572395185822273,-0.7986724520312618,1.0161371061455375,-0.1300339646198089
819,2.5755399232132534,-0.795406252596891,1.018237466719823,-0.13483362538345386
820,2.5786846606042344,-0.7921670965538564,1.020329536880147,-0.13959041929502872
821,2.5818293979952154,-0.7889556291406228,1.0224123656102344,-0.1443028340553542
822,2.584974135386196,-0.7857724870505436,1.0244850060947925,-0.14896937147445052
823,2.588118872777177,-0.7826182983012887,1.0265465161499177,-0.15358854794784932
824,2.5912636101681574,-0.7794936821061049,1.02859595865139,-0.15815889492826404
825,2.5944083475591384,-0.7763992487469218,1.030632401960678,-0.16267895939248003
826,2.597553084950119,-0.7733355994493434,1.0326549203484412,-0.16714730430330194
827,2.6006978223411,-0.770303326259539,1.0346625944153494,-0.17156250906642648
828,2.6038425597320805,-0.7673030119230702,1.0366545115100254,-0.17592316998207766
829,2.6069872971230614,-0.7643352297656664,1.0386297661439203,-0.18022790069128528
830,2.610132034514042,-0.7614005435759872,1.0405874604029286,-0.18447533261663143
831,2.613276771905023,-0.7584995074903813,1.0425267043555673,-0.18866411539736483
832,2.6164215092960035,-0.7556326658796795,1.0444466164575197,-0.19279291731870288
833,2.6195662466869845,-0.7528005532380317,1.0463463239523694,-0.19686042573522416
834,2.6227109840779654,-0.7500036940738247,1.0482249632683394,-0.20086534748818474
835,2.625855721468946,-0.7472426028026897,1.0500816804108566,-0.2048064093166461
836,2.629000458859927,-0.7445177836426298,1.0519156313507605,-0.2086823582622768
837,2.6321451962509075,-0.7418297305112902,1.0537259824079839,-0.2124919620676949
838,2.6352899336418885,-0.7391789269253821,1.0555119106305293,-0.21623400956823594
839,2.638434671032869,-0.7365658459022966,1.0572726041685647,-0.2199073110770076
840,2.64157940842385,-0.7339909498639111,1.0590072626434797,-0.22351069876312316
841,2.6447241458148305,-0.7314546905426254,1.0607150975117192,-0.22704302702298007
842,2.6478688832058115,-0.7289575088896296,1.062395332423242,-0.23050317284447766
843,2.651013620596792,-0.7264998349854412,1.064047203574435,-0.23389003616404686
844,2.654158357987773,-0.7240820879527102,1.0656699600553254,-0.2372025402163897
845,2.657303095378754,-0.7217046758713275,1.0672628641909279,-0.24043963187680678
846,2.6604478327697345,-0.7193679956958425,1.0688251918765794,-0.2436002819960108
847,2.6635925701607155,-0.7170724331752112,1.0703562329071048,-0.24668348572732057
848,2.666737307551696,-0.7148183627748923,1.0718552912996613,-0.2496882628461225
849,2.669882044942677,-0.7126061476013037,1.0733216856101193,-0.2526136580615104
850,2.6730267823336575,-0.7104361393286607,1.074754749242835,-0.2554587413199931
851,2.6761715197246385,-0.7083086781282018,1.0761538307536738,-0.2582226081011829
852,2.679316257115619,-0.706224092599828,1.0775182941461403,-0.26090437970536245
853,2.6824609945066,-0.7041826997061589,1.0788475191604956,-0.26350320353284634
854,2.6856057318975806,-0.7021848047090283,1.080140901555713,-0.2660182533550413
855,2.6887504692885615,-0.7002307011084236,1.081397853384155,-0.26844872957712584
856,2.691895206679542,-0.6983206705838904,1.082617803258844,-0.27079385949225887
857,2.695039944070523,-0.6964549829384057,1.0838001966132047,-0.2730528975272438
858,2.698184681461504,-0.6946338960447388,1.0849444959531573,-0.27522512547956235
859,2.7013294188524846,-0.6928576557943064,1.0860501811014558,-0.27730985274570913
860,2.7044741562434655,-0.6911264960485312,1.0871167494341487,-0.2793064165407521
861,2.707618893634446,-0.6894406385927208,1.0881437161090621,-0.2812141821090453
862,2.710763631025427,-0.6878002930924674,1.0891306142862027,-0.2830325429260365
863,2.7139083684164076,-0.686205657052585,1.0900769953399712,-0.2847609208910919
864,2.7170531058073886,-0.684656915778586,1.0909824290631012,-0.28639876651129237
865,2.720197843198369,-0.6831542423407125,1.0918465038622234,-0.28794555907612646
866,2.72334258058935,-0.6816977975405201,1.0926688269449678,-0.28940080682304015
867,2.7264873179803306,-0.6802877298800316,1.0934490244985193,-0.2907640470937776
868,2.7296320553713116,-0.6789241755334574,1.094186741859548,-0.29203484648147315
869,2.732776792762292,-0.6776072583214962,1.0948816436754294,-0.2932128009684401
870,2.735921530153273,-0.6763370896882143,1.0955334140566932,-0.2942975360546191
871,2.739066267544254,-0.6751137686805148,1.0961417567206178,-0.2952887068766399
872,2.7422110049352346,-0.6739373819301958,1.0967063951259164,-0.2961859983174617
873,2.7453557423262156,-0.6728080036386028,1.0972270725984477,-0.296989125106557
874,2.748500479717196,-0.6717256955638808,1.0977035524478933,-0.29769783191060545
875,2.751645217108177,-0.6706905070108249,1.0981356180753559,-0.2983118934146707
876,2.7547899544991576,-0.6697024748233342,1.0985230730718183,-0.2988311143938331
877,2.7579346918901386,-0.6687616233794678,1.0988657413074285,-0.299255329775257
878,2.761079429281119,-0.6678679645891089,1.099163467011565,-0.2995844046906707
879,2.7642241666721,-0.6670214978942307,1.0994161148436474,-0.299818234519245
880,2.7673689040630807,-0.6662222102717694,1.0996235699546593,-0.2999567449208539
881,2.7705136414540616,-0.6654700762391013,1.0997857380393565,-0.2999998918597099
882,2.773658378845042,-0.6647650578621231,1.0999025453791371,-0.29994766161836345
883,2.776803116236023,-0.6641071047659338,1.0999739388755518,-0.29980007080206433
884,2.779947853627004,-0.6634961541481164,1.0999998860744418,-0.2995571663334824
885,2.7830925910179847,-0.6629321307946159,1.0999803751806918,-0.29921902543778983
886,2.7862373284089657,-0.6624149470982107,1.0999154150635926,-0.298785755618109
887,2.789382065799946,-0.661944503079573,1.0998050352528075,-0.2982574946213353
888,2.792526803190927,-0.6615206864109158,1.0996492859249505,-0.2976344103943434
889,2.7956715405819077,-0.6611433724422179,1.099448237880776,-0.29691670103059353
890,2.7988162779728887,-0.660812424230026,1.0992019825129944,-0.2961045947071521
891,2.801961015363869,-0.660527692568823,1.0989106317647264,-0.2951983496121497
892,2.80510575275485,-0.6602890160249617,1.0985743180786158,-0.2941982538626956
893,2.8082504901458307,-0.6600962209731505,1.0981931943366239,-0.29310462541327975
894,2.8113952275368117,-0.6599491216354894,1.0977674337905317,-0.2919178119546863
895,2.8145399649277922,-0.659847520123044,1.0972972299831834,-0.29063819080345504
896,2.817684702318773,-0.6597912064799516,1.0967827966605044,-0.2892661687819229
897,2.820829439709754,-0.6597799587300482,1.096224367674338,-0.28780218208888575
898,2.8239741771007347,-0.6598135429260087,1.0956221968761388,-0.2862466961609205
899,2.8271189144917157,-0.6598917132009889,1.0949765580015782,-0.28460020552441057
900,2.8302636518826962,-0.6600142118227588,1.0942877445461086,-0.2828632336383256
901,2.833408389273677,-0.6601807692503157,1.0935560696315447,-0.28103633272779915
902,2.8365531266646578,-0.6603911041929669,1.0927818658637265,-0.27912008360856555
903,2.8396978640556387,-0.6606449236718681,1.0919654851813207,-0.2771150955023029
904,2.8428426014466193,-0.6609419230840063,1.091107298695837,-0.27502200584294784
905,2.8459873388376002,-0.6612817862686111,1.0902076965229275,-0.2728414800740375
906,2.849132076228581,-0.6616641855759848,1.0892670876050474,-0.27057421143715443
907,2.8522768136195618,-0.6620887819387347,1.0882858995255567,-0.26822092075152143
908,2.8554215510105423,-0.662555224945391,1.08726457831435,-0.2657823561848418
909,2.8585662884015233,-0.6630631529164018,1.0862035882450984,-0.263259293015434
910,2.8617110257925042,-0.6636121929824801,1.0851034116241998,-0.2606525333857571
911,2.864855763183485,-0.6642019611652944,1.0839645485715321,-0.2579629060473865
912,2.8680005005744658,-0.6648320624604831,1.082787516793106,-0.2551912660975336
913,2.8711452379654463,-0.6655020909229747,1.0815728513457274,-0.2523384947071933
914,2.8742899753564273,-0.6662116297545997,1.0803211043937702,-0.24940549884099558
915,2.877434712747408,-0.6669602513939705,1.0790328449581712,-0.2463932109688615
916,2.880579450138389,-0.6677475176086172,1.077708658657765,-0.2433025887695457
917,2.8837241875293693,-0.6685729795893546,1.0763491474430733,-0.24013461482617116
918,2.8868689249203503,-0.6694361780468656,1.0749549293226672,-0.23689029631383973
919,2.890013662311331,-0.6703366433104775,1.0735266380822333,-0.23357066467942864
920,2.893158399702312,-0.6712738954291125,1.0720649229964667,-0.23017677531366557
921,2.8963031370932923,-0.672247444274392,1.0705704485339227,-0.2267097072155989
922,2.8994478744842733,-0.6732567896458722,1.0690438940549598,-0.2231705626495552
923,2.9025926118752543,-0.6743014213783899,1.0674859535029189,-0.21956046679470345
924,2.905737349266235,-0.6753808194514961,1.065897335088666,-0.21588056738733377
925,2.908882086657216,-0.6764944541009563,1.0642787609686541,-0.2121320343559642
926,2.9120268240481963,-0.6776417859322912,1.0626309669166443,-0.2083160594493932
927,2.9151715614391773,-0.6788222660363383,1.0609547019892365,-0.20443385585781085
928,2.918316298830158,-0.6800353361068076,1.0592507281853631,-0.2004866578271014
929,2.921461036221139,-0.6812804285598093,1.0575198200998959,-0.19647572026644333
930,2.9246057736121194,-0.6825569666553257,1.0557627645715333,-0.1924023183493455
931,2.9277505110031004,-0.6838643646206077,1.053980360325114,-0.1882677471082354
932,2.930895248394081,-0.6852020277754636,1.0521734176085358,-0.18407332102274207
933,2.934039985785062,-0.6865693526594205,1.0503427578244275,-0.17982037360178818
934,2.9371847231760424,-0.687965727160728,1.0484892131567587,-0.1755102569596372
935,2.9403294605670234,-0.6893905306471801,1.0466136261925405,-0.1711443413860203
936,2.9434741979580044,-0.6908431340987259,1.0447168495388046,-0.16672401491049332
937,2.946618935348985,-0.6923229002418441,1.042799745435022,-0.16225068286114558
938,2.949763672739966,-0.6938291836856536,1.0408631853611439,-0.15772576741781297
939,2.9529084101309464,-0.695361331059729,1.038908049641447,-0.15315070715993376
940,2.9560531475219274,-0.6969186811535958,1.0369352270443495,-0.14852695660918502
941,2.959197884912908,-0.6985005650578755,1.0349456143783973,-0.14385598576706532
942,2.962342622303889,-0.700106306307053,1.0329401160845897,-0.1391392796475329
943,2.9654873596948694,-0.701735221023831,1.0309196438252377,-0.1343783378048943
944,2.9686320970858504,-0.7033866180650528,1.0288851160695385,-0.1295746738570554
945,2.971776834476831,-0.7050597991691481,1.0268374576760586,-0.12472981500430755
946,2.974921571867812,-0.7067540591050883,1.0247775994723072,-0.11984530154379025
947,2.9780663092587925,-0.7084686858228062,1.022706477831602,-0.11492268637979934
948,2.9812110466497734,-0.7102029606050582,1.0206250342474092,-0.10996353453007748
949,2.9843557840407544,-0.711956158220693,1.0185342149053602,-0.10496942262825841
950,2.987500521431735,-0.7137275470792979,1.0164349702531306,-0.09994193842261817
951,2.990645258822716,-0.7155163893871896,1.0143282545683867,-0.09488268027128774
952,2.9937899962136965,-0.7173219413047158,1.0122150255249873,-0.08979325663410252
953,2.9969347336046774,-0.7191434531048395,1.0100962437576426,-0.08467528556123037
954,3.000079470995658,-0.7209801693329678,1.0079728724252288,-0.07953039417875644
955,3.003224208386639,-0.7228313289679978,1.0058458767729526,-0.0743602181713767
956,3.0063689457776195,-0.7246961655845412,1.0037162236935704,-0.0691664012623804
957,3.0095136831686005,-0.7265739075162977,1.0015848812878536,-0.06395059469106704
958,3.012658420559581,-0.7284637780205426,0.9994528184245125,-0.05871445668777954
959,3.015803157950562,-0.7303649954436967,0.997321004299762,-0.05345965194670786
960,3.018947895341543,-0.7322767733879355,0.9951904079967459,-0.04818785109665308
961,3.0220926327325235,-0.7341983208788171,0.9930619980450096,-0.04290073016988492
962,3.0252373701235045,-0.7361288425338847,0.9909367419802221,-0.03759997006929179
963,3.028382107514485,-0.7380675387322093,0.9888156059043551,-0.03228725603398663
964,3.031526844905466,-0.7400136057848443,0.9866995540465097,-0.026964277103524663
965,3.0346715822964465,-0.7419662361061471,0.9845895483245957,-0.021632725580919176
966,3.0378163196874275,-0.743924618385942,0.9824865479080606,-0.016294296494613482
967,3.040961057078408,-0.7458879377624819,0.9803915087818725,-0.010950687059596977
968,3.044105794469389,-0.7478553759961766,0.9783053833119423,-0.005603596137815429
969,3.0472505318603695,-0.7498261116440509,0.9762291198121992,-0.00025472369806403994
970,3.0503952692513505,-0.7517993202348984,0.9741636621135038,0.0050942297244777794
971,3.053540006642331,-0.7537741744450885,0.9721099491346001,0.010441563568881047
972,3.056684744033312,-0.7557498442750014,0.9700689144552993,0.01578557778912068
973,3.059829481424293,-0.7577254972260423,0.9680414858920947,0.02112457339455996
974,3.0629742188152735,-0.7597002984782081,0.9660285850763907,0.026456852990099426
975,3.0661189562062545,-0.7616734110681674,0.9640311270355466,0.03178072131582494
976,3.069263693597235,-0.7636439960678093,0.962050019776924,0.03709448578595988
977,3.072408430988216,-0.7656112127632386,0.9600861638751216,0.04239645702699372
978,3.0755531683791966,-0.7675742188341681,0.958140452062592,0.047684949414762826
979,3.0786979057701775,-0.7695321705336777,0.9562137688238203,0.05295828161035627
980,3.081842643161158,-0.7714842228682992,0.9543069899932568,0.05821477709465169
981,3.084987380552139,-0.7734295297783941,0.9524209823571756,0.06345276470132534
982,3.0881321179431196,-0.7753672443187818,0.950556603259652,0.06867057914814967
983,3.0912768553341006,-0.7772965188395874,0.9487147002128289,0.07386656156643086
984,3.094421592725081,-0.7792165051672648,0.9468961105116537,0.07903906002840096
985,3.097566330116062,-0.7811263547857638,0.9451016608532586,0.08418643007240957
986,3.100711067507043,-0.7830252190178,0.9433321669611618,0.08930703522573159
987,3.1038558048980236,-0.7849122492061921,0.9415884332144525,0.09439924752484534
988,3.1070005422890046,-0.7867865968952289,0.9398712522821348,0.09946144803300029
989,3.110145279679985,-0.7886474140120258,0.9381814047627981,0.10449202735491503
990,3.113290017070966,-0.7904938530478415,0.9365196588297675,0.1094893861484467
991,3.1164347544619466,-0.7923250672393035,0.9348867698819098,0.11445193563305425
992,3.1195794918529276,-0.7941402107495219,0.9332834802002409,0.11937809809491418
993,3.122724229243908,-0.7959384388490394,0.9317105186105004,0.1242663073885115
994,3.125868966634889,-0.7977189080965905,0.9301686001518387,0.12911500943456006
995,3.1290137040258696,-0.7994807765196261,0.9286584257517768,0.133922662714071
996,3.1321584414168506,-0.8012232037945699,0.9271806819075737,0.13868773875845225
997,3.135303178807831,-0.8029453514267676,0.9257360403741608,0.14340872263543494
998,3.138447916198812,-0.8046463829300938,0.9243251578587728,0.14808411343071146
999,3.141592653589793,-0.8063254640061767,0.9229486757224211,0.15271242472511135
