x,mu,sigma,xi
0.0,1.414735083349112,0.7276379679943453,0.1128238813396398
0.0031447373909807,1.414735083349112,0.7276379679943453,0.1128238813396398
0.0062894747819615,1.414735083349112,0.7276379679943453,0.1128238813396398
0.0094342121729423,1.414735083349112,0.7276379679943453,0.1128238813396398
0.012578949563923,1.414735083349112,0.7276379679943453,0.1128238813396398
0.0157236869549038,1.414735083349112,0.7276379679943453,0.1128238813396398
0.0188684243458846,1.414735083349112,0.7276379679943453,0.1128238813396398
0.0220131617368654,1.414735083349112,0.7276379679943453,0.1128238813396398
0.0251578991278461,1.414735083349112,0.7276379679943453,0.1128238813396398
0.0283026365188269,1.414735083349112,0.7276379679943453,0.1128238813396398
0.0314473739098077,1.414735083349112,0.7276379679943453,0.1128238813396398
0.0345921113007885,1.414735083349112,0.7276379679943453,0.1128238813396398
0.0377368486917692,1.414735083349112,0.7276379679943453,0.1128238813396398
0.04088158608275,1.404494436195112,0.740046143578593,0.0841911316895204
0.0440263234737308,1.404494436195112,0.740046143578593,0.0841911316895204
0.0471710608647116,1.404494436195112,0.740046143578593,0.0841911316895204
0.0503157982556923,1.3881805491564885,0.7363571840881805,0.0845577251386066
0.0534605356466731,1.3881805491564885,0.7363571840881805,0.0845577251386066
0.0566052730376539,1.406582425500376,0.7317941960646733,0.0776194759278879
0.0597500104286347,1.4211787776951126,0.7311525237203391,0.0710490740556294
0.0628947478196154,1.425140431665684,0.7372255429340716,0.0733549292189148
0.0660394852105962,1.4310478631128296,0.7326068218709076,0.125026983597924
0.069184222601577,1.4319817925580896,0.7299101870994303,0.1118347680488726
0.0723289599925578,1.422902841610146,0.7272194696061696,0.1101738456340494
0.0754736973835385,1.4209911022766608,0.719564288570049,0.1147800421092303
0.0786184347745193,1.3816521700109217,0.6967776866018478,0.161117109754853
0.0817631721655001,1.3300086121378518,0.6858434732672118,0.1649341432434966
0.0849079095564808,1.320622092840087,0.6884686692963161,0.1663823167313206
0.0880526469474616,1.320622092840087,0.6884686692963161,0.1663823167313206
0.0911973843384424,1.3272932233496435,0.6969867444510898,0.1635387284766037
0.0943421217294232,1.2969136405032282,0.691381799457291,0.1828794546433318
0.0974868591204039,1.298371802485228,0.6802011254392162,0.1965985060430696
0.1006315965113847,1.298371802485228,0.6802011254392162,0.1965985060430696
0.1037763339023655,1.298371802485228,0.6802011254392162,0.1965985060430696
0.1069210712933463,1.290907367058724,0.6770300045142352,0.2068701503144701
0.110065808684327,1.3001852982048576,0.6848712486025328,0.2203979398366534
0.1132105460753078,1.3022083531981885,0.6900680685828844,0.2297850345932635
0.1163552834662886,1.366981551103935,0.7341637665814288,0.2455130252321376
0.1195000208572694,1.3792733724918724,0.7367027175061248,0.2512601601643788
0.1226447582482501,1.357061308729975,0.7199181669689376,0.2333282474953436
0.1257894956392309,1.360246948470011,0.7255978086795258,0.2201316289950018
0.1289342330302117,1.3458444597111718,0.7343314164067358,0.238179398773405
0.1320789704211925,1.3511139639446947,0.7162512102941996,0.2460572836865743
0.1352237078121732,1.3511139639446947,0.7162512102941996,0.2460572836865743
0.138368445203154,1.3679584533434002,0.7237504265889786,0.2368460255570522
0.1415131825941348,1.3616505549492297,0.7205081025264652,0.233318586870932
0.1446579199851156,1.4017029913371573,0.7155599980398186,0.2519997751674052
0.1478026573760963,1.4017029913371573,0.7155599980398186,0.2519997751674052
0.1509473947670771,1.4543667746650677,0.7343100630050265,0.1722534976253017
0.1540921321580579,1.4609810950925313,0.7575219975264871,0.1358332105611525
0.1572368695490386,1.4595585446022972,0.7714291807513567,0.1243515835003738
0.1603816069400194,1.4865163290194905,0.7684519065501776,0.0933077382046543
0.1635263443310002,1.5029245776079343,0.7688369946477223,0.0800712366037977
0.166671081721981,1.5029245776079343,0.7688369946477223,0.0800712366037977
0.1698158191129617,1.5029245776079343,0.7688369946477223,0.0800712366037977
0.1729605565039425,1.4992456701974552,0.7626133903087109,0.0783133276174611
0.1761052938949233,1.4992456701974552,0.7626133903087109,0.0783133276174611
0.1792500312859041,1.5633237641704705,0.793908745938451,0.0168974269762079
0.1823947686768848,1.5633237641704705,0.793908745938451,0.0168974269762079
0.1855395060678656,1.5683555856637448,0.8015192503580013,-0.0036531797642129
0.1886842434588464,1.5683555856637448,0.8015192503580013,-0.0036531797642129
0.1918289808498272,1.5683555856637448,0.8015192503580013,-0.0036531797642129
0.1949737182408079,1.5683555856637448,0.8015192503580013,-0.0036531797642129
0.1981184556317887,1.5544301475000657,0.8170431510526704,-0.0305541396485629
0.2012631930227695,1.5199660268872095,0.8282234872457628,-0.0292559514862892
0.2044079304137503,1.2914677934053609,0.8819149317830459,-0.0669736230141547
0.207552667804731,1.2914677934053609,0.8819149317830459,-0.0669736230141547
0.2106974051957118,1.1639505280156808,0.8492778296982806,-0.0698492136700634
0.2138421425866926,1.154415390720663,0.854471959511516,-0.0691257351690834
0.2169868799776733,1.154415390720663,0.854471959511516,-0.0691257351690834
0.2201316173686541,1.1300120714208937,0.8670005144784102,-0.0701754802710429
0.2232763547596349,1.1300120714208937,0.8670005144784102,-0.0701754802710429
0.2264210921506157,1.0939096152315633,0.8499810995039965,-0.054582607957483
0.2295658295415965,1.0831951214176962,0.8593401780526978,-0.0522349965559001
0.2327105669325772,1.024490479793493,0.8746483897732905,-0.0425009558112794
0.235855304323558,1.024490479793493,0.8746483897732905,-0.0425009558112794
0.2390000417145388,1.0285464985792698,0.8658041551311406,-0.0311461102968646
0.2421447791055195,1.0033107400775263,0.8636143157459598,-0.0359436962349672
0.2452895164965003,1.0033107400775263,0.8636143157459598,-0.0359436962349672
0.2484342538874811,1.0033107400775263,0.8636143157459598,-0.0359436962349672
0.2515789912784619,0.9989089994351436,0.8560803015892386,-0.0147033189558468
0.2547237286694426,1.0259826756297568,0.8599618041306433,-0.017612651950776
0.2578684660604234,1.0386453138630969,0.8584653446401502,-0.0138004576945112
0.2610132034514042,1.0386453138630969,0.8584653446401502,-0.0138004576945112
0.264157940842385,1.0387035815147272,0.8599383241463435,0.0008077701151884
0.2673026782333658,1.0387035815147272,0.8599383241463435,0.0008077701151884
0.2704474156243465,1.0212648899520809,0.8463465011917944,0.001166737762295
0.2735921530153273,1.008450355073533,0.8427081794013244,0.0032423031234222
0.2767368904063081,0.9997773175688344,0.7884966034691446,0.0533023803696117
0.2798816277972888,0.9997773175688344,0.7884966034691446,0.0533023803696117
0.2830263651882696,1.0028384052361203,0.7951571881889923,0.0538899833376041
0.2861711025792504,1.0028384052361203,0.7951571881889923,0.0538899833376041
0.2893158399702312,0.979797606089684,0.6827869609329582,-0.0258440964776503
0.2924605773612119,0.979797606089684,0.6827869609329582,-0.0258440964776503
0.2956053147521927,0.9798980625589656,0.683615348137533,-0.0375019296319871
0.2987500521431735,0.9798980625589656,0.683615348137533,-0.0375019296319871
0.3018947895341543,0.9308603681194044,0.6555368358336505,-0.0177079962915102
0.305039526925135,0.9371504487504148,0.6407531634021241,-0.0510765391123196
0.3081842643161158,0.9371504487504148,0.6407531634021241,-0.0510765391123196
0.3113290017070966,0.9369561602495536,0.6382238861558724,-0.0529346575278807
0.3144737390980773,0.942168688232356,0.6380113594133223,-0.0590893281220987
0.3176184764890581,0.942168688232356,0.6380113594133223,-0.0590893281220987
0.3207632138800389,0.9269024636838066,0.6487980017190921,-0.0753715779835625
0.3239079512710197,0.9247609129198778,0.6503573125698098,-0.0666213304989609
0.3270526886620004,0.9296108728780392,0.661431395649035,-0.0716544757616486
0.3301974260529812,0.958616126837627,0.6883730806048747,-0.1187353917476172
0.333342163443962,0.958616126837627,0.6883730806048747,-0.1187353917476172
0.3364869008349427,0.958616126837627,0.6883730806048747,-0.1187353917476172
0.3396316382259235,0.958616126837627,0.6883730806048747,-0.1187353917476172
0.3427763756169043,0.958616126837627,0.6883730806048747,-0.1187353917476172
0.3459211130078851,0.958616126837627,0.6883730806048747,-0.1187353917476172
0.3490658503988659,0.9431130479395518,0.6925212035323328,-0.1121737240112023
0.3522105877898466,0.9404604620145798,0.6957695643747844,-0.1004321837389516
0.3553553251808274,0.9495422546922506,0.700010325480579,-0.1105288930210182
0.3585000625718082,0.9495422546922506,0.700010325480579,-0.1105288930210182
0.361644799962789,0.9447025155211286,0.7041779466222203,-0.1111983440541729
0.3647895373537697,0.9447025155211286,0.7041779466222203,-0.1111983440541729
0.3679342747447505,0.9296688520059836,0.7236083842045654,-0.109280909847259
0.3710790121357313,0.7942171861671966,0.9764032868179124,-0.1507698404385731
0.374223749526712,0.796886635516085,0.9867975489309996,-0.1493806870797197
0.3773684869176928,0.7903603714158018,0.9758074362569324,-0.1530829517736433
0.3805132243086736,0.7893678840594806,0.9745585566128068,-0.1472688382648811
0.3836579616996544,0.7893678840594806,0.9745585566128068,-0.1472688382648811
0.3868026990906351,0.7853837135232066,0.9744047173203104,-0.1625922626407236
0.3899474364816159,0.7875022604309758,0.983746103510972,-0.1665558481601166
0.3930921738725967,0.7905694503700674,0.9842361271517984,-0.1730890233990364
0.3962369112635774,0.7905694503700674,0.9842361271517984,-0.1730890233990364
0.3993816486545583,0.7953444393115946,0.9757916574779414,-0.1677815927825565
0.402526386045539,0.7953444393115946,0.9757916574779414,-0.1677815927825565
0.4056711234365198,0.7953444393115946,0.9757916574779414,-0.1677815927825565
0.4088158608275006,0.8090087513527412,0.9707624282556482,-0.1694280459716662
0.4119605982184813,0.7878891380698577,0.972534009784624,-0.1772100457963336
0.4151053356094621,0.7878891380698577,0.972534009784624,-0.1772100457963336
0.4182500730004429,0.7924549683895661,0.9715506297394184,-0.1732168433946088
0.4213948103914237,0.7924549683895661,0.9715506297394184,-0.1732168433946088
0.4245395477824044,0.7616853604649957,0.9662168171981136,-0.1870905055203311
0.4276842851733852,0.7654125234580598,0.94408109724416,-0.1947985991268868
0.430829022564366,0.7654125234580598,0.94408109724416,-0.1947985991268868
0.4339737599553467,0.77204795946117,0.9326289003937248,-0.2140820986133964
0.4371184973463275,0.77204795946117,0.9326289003937248,-0.2140820986133964
0.4402632347373083,0.77204795946117,0.9326289003937248,-0.2140820986133964
0.4434079721282891,0.7778742927784683,0.9202778759373555,-0.2273350251139572
0.4465527095192698,0.7948955776078399,0.9127569109609408,-0.2512916158217666
0.4496974469102506,0.8196686162329493,0.8952441554983906,-0.3058746779656596
0.4528421843012314,0.8549648366479974,0.8579210366509348,-0.3826798364327281
0.4559869216922121,0.8593128010081883,0.8541219178192773,-0.3966798249874419
0.459131659083193,0.8845185416726369,0.8542567575631037,-0.4414413866466272
0.4622763964741737,0.8721767452037349,0.8466388096036737,-0.4450038286534301
0.4654211338651545,0.8912921682280035,0.8407676704404561,-0.4621639982584595
0.4685658712561353,0.9046942264905666,0.8380656520780855,-0.4729558296702293
0.471710608647116,0.8579542101841336,0.8270722995127534,-0.4622165248145918
0.4748553460380968,0.8744053948154316,0.8249760787895037,-0.4834284317289815
0.4780000834290776,0.8744053948154316,0.8249760787895037,-0.4834284317289815
0.4811448208200584,0.8744053948154316,0.8249760787895037,-0.4834284317289815
0.4842895582110391,0.9105924002739776,0.8295760984059858,-0.5194396331287278
0.4874342956020199,0.9154914339929688,0.8308474449704366,-0.5248965899040783
0.4905790329930007,0.9286775916685134,0.8258474339062076,-0.5378205810390599
0.4937237703839814,0.9286775916685134,0.8258474339062076,-0.5378205810390599
0.4968685077749622,0.939571969394486,0.8290667312181738,-0.5482179069544719
0.500013245165943,0.9351083147912358,0.8250858011407999,-0.5504987745415986
0.5031579825569238,0.9351083147912358,0.8250858011407999,-0.5504987745415986
0.5063027199479045,0.9351083147912358,0.8250858011407999,-0.5504987745415986
0.5094474573388853,0.9351083147912358,0.8250858011407999,-0.5504987745415986
0.5125921947298661,0.9351083147912358,0.8250858011407999,-0.5504987745415986
0.5157369321208469,0.9351083147912358,0.8250858011407999,-0.5504987745415986
0.5188816695118277,0.9351083147912358,0.8250858011407999,-0.5504987745415986
0.5220264069028084,0.920893259671291,0.8280180297215998,-0.536964165399993
0.5251711442937892,0.9206289600869648,0.8350402506613755,-0.5402510843625196
0.52831588168477,0.9206289600869648,0.8350402506613755,-0.5402510843625196
0.5314606190757507,0.9241284308545242,0.8364043233152,-0.5493653626067205
0.5346053564667316,0.830685785826425,0.8490984249211039,-0.5349793950296529
0.5377500938577123,0.8072316088459423,0.8676040739203262,-0.5382455265050264
0.5408948312486931,0.8082621086664555,0.8652616833809285,-0.5390632458913497
0.5440395686396738,0.8082621086664555,0.8652616833809285,-0.5390632458913497
0.5471843060306546,0.7812199838866904,0.8739037591801966,-0.522482003797165
0.5503290434216354,0.4739018048575288,0.9074647089651876,-0.4011125095743581
0.5534737808126162,0.3969151710352881,0.9158199030492276,-0.3869188994278897
0.556618518203597,0.3698723950994511,0.916627138626784,-0.3758848940191764
0.5597632555945777,0.3618725165038534,0.9124375998708124,-0.3812782946870308
0.5629079929855585,0.3618725165038534,0.9124375998708124,-0.3812782946870308
0.5660527303765392,0.367036957371519,0.9161096280984492,-0.3871971198700905
0.56919746776752,0.367036957371519,0.9161096280984492,-0.3871971198700905
0.5723422051585008,0.3589553524162486,0.9209243198075536,-0.3853066264476142
0.5754869425494816,0.3589553524162486,0.9209243198075536,-0.3853066264476142
0.5786316799404624,0.3589553524162486,0.9209243198075536,-0.3853066264476142
0.5817764173314431,0.3531792394468329,0.9254554395264134,-0.3894627071409313
0.5849211547224239,0.3482378409039047,0.9272640065872548,-0.4036639641569736
0.5880658921134047,0.3438198078173148,0.9279714808312068,-0.4060149122701992
0.5912106295043854,0.3438198078173148,0.9279714808312068,-0.4060149122701992
0.5943553668953663,0.3438198078173148,0.9279714808312068,-0.4060149122701992
0.597500104286347,0.3138130389883761,0.923088975675336,-0.3972208794026494
0.6006448416773278,0.3259350790679947,0.9310455854392108,-0.4097479972307786
0.6037895790683085,0.3191416085061132,0.9293216096865576,-0.4000098268772722
0.6069343164592893,0.3231610660461252,0.9345868268440588,-0.4152645514079104
0.6100790538502701,0.2919754220037787,0.9578851821554052,-0.4008228977638202
0.6132237912412508,0.2919754220037787,0.9578851821554052,-0.4008228977638202
0.6163685286322317,0.2546137808107115,0.9603538072127046,-0.3776450888439915
0.6195132660232124,0.2631721119855184,0.953362841838246,-0.3833758696804302
0.6226580034141932,0.283592293574049,0.9510430804707696,-0.3965566828359662
0.625802740805174,0.2687355340634189,0.9254927168829624,-0.3433564486417965
0.6289474781961547,0.2821000049086426,0.9124086140633456,-0.3250091864739605
0.6320922155871355,0.2886535229935568,0.9153604141431354,-0.3029579629262243
0.6352369529781163,0.3344504091347611,0.913869043608412,-0.3191665282493772
0.6383816903690971,0.3531011821044832,0.9143295976452542,-0.324401974482718
0.6415264277600778,0.3703880488694693,0.9105323453717408,-0.3439261295014766
0.6446711651510586,0.3703880488694693,0.9105323453717408,-0.3439261295014766
0.6478159025420394,0.3703880488694693,0.9105323453717408,-0.3439261295014766
0.6509606399330201,0.3703880488694693,0.9105323453717408,-0.3439261295014766
0.6541053773240009,0.3703880488694693,0.9105323453717408,-0.3439261295014766
0.6572501147149817,0.3399349761417085,0.8968051078517498,-0.3032918815164912
0.6603948521059625,0.3399349761417085,0.8968051078517498,-0.3032918815164912
0.6635395894969432,0.3399349761417085,0.8968051078517498,-0.3032918815164912
0.666684326887924,0.3399349761417085,0.8968051078517498,-0.3032918815164912
0.6698290642789048,0.3399349761417085,0.8968051078517498,-0.3032918815164912
0.6729738016698855,0.343423823646275,0.8889830737548816,-0.3016496430099734
0.6761185390608664,0.3365317482694561,0.885380023064341,-0.2919060390113778
0.6792632764518471,0.2769951428618402,0.8828664386916608,-0.2177395518809492
0.6824080138428279,0.2769951428618402,0.8828664386916608,-0.2177395518809492
0.6855527512338087,0.3158588027093349,0.9197879845998812,-0.206546799480196
0.6886974886247894,0.1786854066984188,0.9182719223286058,-0.066206473621888
0.6918422260157702,0.1927583306257075,0.9324518639478966,-0.0719814506329754
0.694986963406751,0.2066611479457222,1.0083608334595116,-0.0413764445014632
0.6981317007977318,0.1872458357687475,1.0419034593752268,-0.0218964972206334
0.7012764381887125,0.1872458357687475,1.0419034593752268,-0.0218964972206334
0.7044211755796933,0.1872458357687475,1.0419034593752268,-0.0218964972206334
0.7075659129706741,0.1602047598901919,1.0582538021212378,-0.0187887970478118
0.7107106503616548,0.1540736333035973,1.0541847970469072,-0.0213807048650076
0.7138553877526356,0.1611827334685173,1.0460538235824546,-0.0174392259413664
0.7170001251436164,0.1611827334685173,1.0460538235824546,-0.0174392259413664
0.7201448625345972,0.1455556565044798,1.0574412138039773,-0.0129608455732245
0.723289599925578,0.1532578571411003,1.0605391134605282,-0.0139779091055595
0.7264343373165587,0.1532578571411003,1.0605391134605282,-0.0139779091055595
0.7295790747075395,0.1532578571411003,1.0605391134605282,-0.0139779091055595
0.7327238120985202,0.1921758629304656,1.097546416595948,-0.0253738828611194
0.7358685494895011,0.2118176486354459,1.1115459212537022,-0.0342774241640608
0.7390132868804818,0.2209604580300697,1.1260344226438996,-0.0387624129945729
0.7421580242714626,0.2209604580300697,1.1260344226438996,-0.0387624129945729
0.7453027616624434,0.3378692478632631,1.1976749665574808,-0.0681867466028229
0.7484474990534241,0.3378692478632631,1.1976749665574808,-0.0681867466028229
0.7515922364444049,0.3458969137544407,1.2013621985176532,-0.0676785605648866
0.7547369738353857,0.3315490980632898,1.2352067565234968,-0.0615322150124579
0.7578817112263665,0.3748377624450181,1.2056813620054867,-0.0524500458407876
0.7610264486173473,0.3872388261007536,1.2194279001616255,-0.0360251967437601
0.764171186008328,0.3885798833520678,1.2329043627850804,-0.0334123065816455
0.7673159233993088,0.3885798833520678,1.2329043627850804,-0.0334123065816455
0.7704606607902895,0.3885798833520678,1.2329043627850804,-0.0334123065816455
0.7736053981812703,0.4012334476192746,1.242677137425661,-0.0354833199115124
0.7767501355722511,0.3741108106952214,1.199411889815228,-0.0247076607552199
0.7798948729632319,0.3741108106952214,1.199411889815228,-0.0247076607552199
0.7830396103542127,0.3741108106952214,1.199411889815228,-0.0247076607552199
0.7861843477451934,0.3070559809547171,1.133458239367101,0.0128969617329283
0.7893290851361742,0.3070559809547171,1.133458239367101,0.0128969617329283
0.7924738225271549,0.3070559809547171,1.133458239367101,0.0128969617329283
0.7956185599181358,0.3070559809547171,1.133458239367101,0.0128969617329283
0.7987632973091165,0.2880083828979436,1.1409080326293932,0.0188250091316137
0.8019080347000973,0.276558007594074,1.149793474357621,0.0271918773182677
0.8050527720910781,0.276558007594074,1.149793474357621,0.0271918773182677
0.8081975094820588,0.276558007594074,1.149793474357621,0.0271918773182677
0.8113422468730396,0.0572516130589697,1.0220901341380515,0.064455931117904
0.8144869842640203,-0.0126771562621921,0.9441168769304684,0.0655166445598803
0.8176317216550012,-0.0126771562621921,0.9441168769304684,0.0655166445598803
0.820776459045982,-0.0933395762747341,0.945403536291818,0.0774616680986593
0.8239211964369627,-0.0887904425533995,0.953773988279716,0.0816685592487111
0.8270659338279435,-0.1855616375722391,0.8616586801239984,0.0557376446082605
0.8302106712189242,-0.1955955079392995,0.834064062372745,0.0328798164647543
0.833355408609905,-0.2183005576085367,0.8165417095653037,0.0365955539273105
0.8365001460008858,-0.2183005576085367,0.8165417095653037,0.0365955539273105
0.8396448833918666,-0.2183005576085367,0.8165417095653037,0.0365955539273105
0.8427896207828474,-0.1994150549278236,0.8141149439159062,0.0254987734424965
0.8459343581738281,-0.1994150549278236,0.8141149439159062,0.0254987734424965
0.8490790955648089,-0.1994150549278236,0.8141149439159062,0.0254987734424965
0.8522238329557896,-0.1994150549278236,0.8141149439159062,0.0254987734424965
0.8553685703467704,-0.1634820656402475,0.8798935467326544,-0.0090921628104593
0.8585133077377513,-0.1431485392116464,0.8843912111595534,-0.0123552302485165
0.861658045128732,-0.1431485392116464,0.8843912111595534,-0.0123552302485165
0.8648027825197128,-0.1104400861011104,0.9168462887890492,-0.0182242029960517
0.8679475199106935,-0.0968351492951303,0.9266054387275574,-0.0239250069363701
0.8710922573016743,-0.0968351492951303,0.9266054387275574,-0.0239250069363701
0.874236994692655,-0.0968351492951303,0.9266054387275574,-0.0239250069363701
0.8773817320836359,-0.0985593432808492,0.9865264729148004,-0.0328472487896484
0.8805264694746167,0.003486913136782,1.0825936673949668,-0.0550288907696122
0.8836712068655974,0.003486913136782,1.0825936673949668,-0.0550288907696122
0.8868159442565782,0.0491963360651301,1.1287200496095608,-0.052525762029955
0.8899606816475589,0.1538632318891484,1.1908286959281178,-0.0666591161550159
0.8931054190385397,0.2216481012812011,1.2392678554971044,-0.0726243283197102
0.8962501564295206,0.7824551175182957,1.5594952890681093,-0.157505758691631
0.8993948938205013,0.8314559609393072,1.6100827412311784,-0.1623323239669701
0.902539631211482,0.8314559609393072,1.6100827412311784,-0.1623323239669701
0.9056843686024628,0.8641846811985294,1.6324669200185946,-0.175980421231071
0.9088291059934436,0.8641846811985294,1.6324669200185946,-0.175980421231071
0.9119738433844244,0.8641846811985294,1.6324669200185946,-0.175980421231071
0.9151185807754052,0.8641846811985294,1.6324669200185946,-0.175980421231071
0.918263318166386,0.863323977773227,1.6389598913903196,-0.1698729456061531
0.9214080555573668,0.863323977773227,1.6389598913903196,-0.1698729456061531
0.9245527929483476,0.863323977773227,1.6389598913903196,-0.1698729456061531
0.9276975303393282,0.863323977773227,1.6389598913903196,-0.1698729456061531
0.930842267730309,0.863323977773227,1.6389598913903196,-0.1698729456061531
0.9339870051212896,0.8202362543228281,1.6112205864663354,-0.1592504246698181
0.9371317425122706,0.7616829421714998,1.5673981017581144,-0.1487934487693782
0.9402764799032514,0.7616829421714998,1.5673981017581144,-0.1487934487693782
0.943421217294232,0.6788687261939976,1.5210802215706594,-0.1192893273652815
0.9465659546852128,0.633422649821443,1.487001555899221,-0.0929606131765773
0.9497106920761936,0.5632205599635288,1.410713015700394,-0.0947124394871185
0.9528554294671744,0.5395612898962248,1.3785042308785282,-0.0787149602474625
0.9560001668581553,0.5068442725952088,1.3165378547643432,-0.0453225473653696
0.959144904249136,0.5039388077800987,1.2392641995503773,-0.0186865273165977
0.9622896416401168,0.5012072263434161,1.1427343950714512,0.0378282901085858
0.9654343790310976,0.5012072263434161,1.1427343950714512,0.0378282901085858
0.9685791164220784,0.4918305870976787,1.1438483997452844,0.0398600429970173
0.971723853813059,0.4767414928255691,1.1185630677335852,0.0607256595683194
0.9748685912040398,0.4469325909624455,1.076140404853002,0.0753835493235642
0.9780133285950208,0.4469325909624455,1.076140404853002,0.0753835493235642
0.9811580659860014,0.4232184020523261,1.069241663968131,0.0801218121058279
0.9843028033769822,0.4285881874557339,1.0851955175616237,0.0766780501664579
0.9874475407679628,0.4446180162495179,1.1059229026320971,0.0699098809639858
0.9905922781589436,0.4775956467619668,1.1609089160729582,0.0664070959873281
0.9937370155499244,0.497820121586026,1.1685887875490617,0.0597343984278433
0.9968817529409052,0.500555755505176,1.190564452565979,0.0631536174205909
1.000026490331886,0.4941525365348094,1.1999982374778733,0.0624681952747134
1.0031712277228668,0.4941525365348094,1.1999982374778733,0.0624681952747134
1.0063159651138476,0.4842686343266308,1.2497909246614702,0.0414653329817798
1.0094607025048283,0.5106016470411975,1.260605883941048,0.0349015750835253
1.012605439895809,0.5730310189284353,1.3117708520101243,0.0432466794788018
1.0157501772867898,0.5586405221878603,1.330809482809553,0.0343458433209009
1.0188949146777706,0.5586405221878603,1.330809482809553,0.0343458433209009
1.0220396520687514,0.5586405221878603,1.330809482809553,0.0343458433209009
1.025184389459732,0.5586405221878603,1.330809482809553,0.0343458433209009
1.028329126850713,0.6671574420562644,1.3895716330242849,0.008671636177389
1.0314738642416938,0.7104819177806272,1.4139208278234765,0.0029020721073458
1.0346186016326746,0.7620910997498342,1.3979970871254144,0.004942322813234
1.0377633390236554,0.7676828683659467,1.373609244856269,0.0170126489393427
1.040908076414636,0.7688947259156653,1.3404686712124088,0.0272490221407379
1.0440528138056169,0.7528858697734236,1.2737580114080638,0.0566583957329775
1.0471975511965976,0.7317662650174639,1.2313899864504785,0.0770916366898342
1.0503422885875784,0.6776483758862739,1.1195284820336968,0.1286622733313497
1.0534870259785591,0.6776483758862739,1.1195284820336968,0.1286622733313497
1.05663176336954,0.6776483758862739,1.1195284820336968,0.1286622733313497
1.0597765007605209,0.6776483758862739,1.1195284820336968,0.1286622733313497
1.0629212381515014,0.6776483758862739,1.1195284820336968,0.1286622733313497
1.0660659755424822,0.665302910891234,1.107170974581284,0.1406465620818945
1.0692107129334631,0.665302910891234,1.107170974581284,0.1406465620818945
1.072355450324444,0.660618297763846,1.09786380216877,0.1451461819304377
1.0755001877154249,0.4365443318747218,0.8451379194513023,0.2524850647494266
1.0786449251064054,0.4300867347567151,0.8250528892026532,0.2616624485438043
1.0817896624973862,0.3915126521882546,0.7935513258551665,0.27112028925373
1.084934399888367,0.3915126521882546,0.7935513258551665,0.27112028925373
1.0880791372793477,0.3915126521882546,0.7935513258551665,0.27112028925373
1.0912238746703284,0.3915126521882546,0.7935513258551665,0.27112028925373
1.0943686120613092,0.3975777107340438,0.8084542038949668,0.2661307544002217
1.09751334945229,0.3975777107340438,0.8084542038949668,0.2661307544002217
1.1006580868432707,0.3975777107340438,0.8084542038949668,0.2661307544002217
1.1038028242342517,0.3780463321877556,0.7919513239769043,0.2581144382727868
1.1069475616252324,0.2851820794500844,0.7069027296796851,0.2464122718859035
1.1100922990162132,0.2211064393310915,0.6514348543546116,0.2414545468504611
1.113237036407194,0.2087542643989182,0.6473747092682943,0.2251631725452412
1.1163817737981747,0.2087542643989182,0.6473747092682943,0.2251631725452412
1.1195265111891557,0.2117599096533509,0.6568912175987315,0.2100890178102197
1.1226712485801362,0.2117599096533509,0.6568912175987315,0.2100890178102197
1.125815985971117,0.2730865431572543,0.6691474055957038,0.1699886463290161
1.1289607233620975,0.2730865431572543,0.6691474055957038,0.1699886463290161
1.1321054607530785,0.2730865431572543,0.6691474055957038,0.1699886463290161
1.1352501981440593,0.2730865431572543,0.6691474055957038,0.1699886463290161
1.13839493553504,0.3059511003423899,0.6842300509480576,0.148597026199601
1.1415396729260208,0.3100205571635841,0.6896520882288015,0.1471376754242262
1.1446844103170015,0.3210823400368431,0.6901392184191227,0.1440552681328307
1.1478291477079825,0.4607530142558611,0.7658125445274646,0.072536965043435
1.1509738850989633,0.5090387762126316,0.7986572102905289,0.0557302617370761
1.154118622489944,0.5090387762126316,0.7986572102905289,0.0557302617370761
1.1572633598809248,0.534837061920214,0.8180771820464032,0.0451944239834055
1.1604080972719055,0.5946392416949622,0.8459876528262992,0.0299614187732238
1.1635528346628865,0.5946392416949622,0.8459876528262992,0.0299614187732238
1.166697572053867,0.5985700249702408,0.8284535593293881,0.0187259587412859
1.1698423094448478,0.5985700249702408,0.8284535593293881,0.0187259587412859
1.1729870468358286,0.675013577475887,0.8754220679542167,-0.0451775067947625
1.1761317842268093,0.691680156413621,0.8912429440948486,-0.0504468075321568
1.17927652161779,0.691680156413621,0.8912429440948486,-0.0504468075321568
1.1824212590087708,0.7100837305649716,0.9213489143245523,-0.05069245931114
1.1855659963997516,0.7100837305649716,0.9213489143245523,-0.05069245931114
1.1887107337907326,0.7100837305649716,0.9213489143245523,-0.05069245931114
1.1918554711817133,0.6991762257841372,0.923984079279571,-0.0512006413657571
1.195000208572694,0.6991762257841372,0.923984079279571,-0.0512006413657571
1.1981449459636748,0.7118208247760185,0.9576042669842348,-0.042800130734118
1.2012896833546556,0.7120519784006405,0.9706036288944908,-0.0467144295331977
1.2044344207456363,0.7120519784006405,0.9706036288944908,-0.0467144295331977
1.207579158136617,0.6992523338091609,0.9613927010661124,-0.042059168867671
1.2107238955275978,0.5735149660082512,0.9212761545303464,-0.0011320576832061
1.2138686329185786,0.5735149660082512,0.9212761545303464,-0.0011320576832061
1.2170133703095594,0.5635107675873019,0.9265998551753084,0.0017773639029454
1.22015810770054,0.5422135973642251,0.9194939292567004,0.0041934805688019
1.2233028450915209,0.3004010524655708,0.9058882907048604,0.0876988175146017
1.2264475824825016,0.2455706940802033,0.857069625619103,0.1146838885867054
1.2295923198734826,0.2394030357934067,0.852357379886322,0.1308938882712125
1.2327370572644634,0.2394030357934067,0.852357379886322,0.1308938882712125
1.235881794655444,0.2182156170420098,0.8397010601831697,0.1418718000735344
1.2390265320464249,0.1836931754058507,0.8384723464282718,0.1472252670296277
1.2421712694374056,0.1836931754058507,0.8384723464282718,0.1472252670296277
1.2453160068283864,0.1836931754058507,0.8384723464282718,0.1472252670296277
1.2484607442193671,0.1836931754058507,0.8384723464282718,0.1472252670296277
1.251605481610348,0.1594513808469909,0.8312073440275809,0.1489805085401636
1.2547502190013289,0.1594513808469909,0.8312073440275809,0.1489805085401636
1.2578949563923094,0.1594513808469909,0.8312073440275809,0.1489805085401636
1.2610396937832902,0.1594513808469909,0.8312073440275809,0.1489805085401636
1.264184431174271,0.1594513808469909,0.8312073440275809,0.1489805085401636
1.2673291685652517,0.1594513808469909,0.8312073440275809,0.1489805085401636
1.2704739059562329,0.1569983414714164,0.8411501063534395,0.1508204546500403
1.2736186433472134,0.115004012791047,0.8191406471639472,0.1623583506146578
1.2767633807381942,0.1292420051453813,0.8184784780826753,0.1627192341322746
1.279908118129175,0.1014646012063156,0.7821240404441637,0.1805602172702014
1.2830528555201557,0.1014646012063156,0.7821240404441637,0.1805602172702014
1.2861975929111364,0.105023271050019,0.8033754976467828,0.1773478246109265
1.2893423303021172,0.1024282888933675,0.8222951307049694,0.1781065996540767
1.292487067693098,0.1479190241875061,0.8115319199323118,0.1901767376416074
1.2956318050840787,0.1664918834321058,0.8198453114665434,0.2008146933120433
1.2987765424750597,0.1718272103140888,0.792114959259527,0.2117480788739215
1.3019212798660402,0.1699815178023082,0.787473046959698,0.21685658660851
1.305066017257021,0.1680927954483811,0.781599586322788,0.2201725284507631
1.3082107546480015,0.1590974342204862,0.7720014714259383,0.2313861613906975
1.3113554920389827,0.1590974342204862,0.7720014714259383,0.2313861613906975
1.3145002294299637,0.1751348905873034,0.7835077772055559,0.2383560343229427
1.3176449668209442,0.2523464585750922,0.8261566705386937,0.229878439064201
1.320789704211925,0.2611090847479155,0.8336251909958535,0.2214792755795744
1.3239344416029055,0.2611090847479155,0.8336251909958535,0.2214792755795744
1.3270791789938865,0.2775700471576205,0.8470070235234212,0.2174426968163189
1.3302239163848673,0.2736456464899884,0.8500686795421808,0.2213203496423928
1.333368653775848,0.2620863562130616,0.8327046334334852,0.2281629679956928
1.3365133911668288,0.2592277816686684,0.8359776318337971,0.2255076260709911
1.3396581285578095,0.2592277816686684,0.8359776318337971,0.2255076260709911
1.3428028659487905,0.2045434394718018,0.7727419158405165,0.2056687375529035
1.345947603339771,0.2049093683468497,0.7726516085363584,0.2011867674063407
1.349092340730752,0.1944809644232685,0.7754861749448797,0.1965186438956622
1.3522370781217328,0.1790021458686513,0.7782751412983119,0.1933198708927169
1.3553818155127135,0.1573624761003885,0.782997418617682,0.1687096412280408
1.3585265529036945,0.1536888880839843,0.7917083879231381,0.1610444385315767
1.361671290294675,0.1536888880839843,0.7917083879231381,0.1610444385315767
1.3648160276856558,0.1630141626533894,0.7979102363666024,0.1492403500147681
1.3679607650766366,0.1633982295435939,0.8179408655134182,0.1204454502122903
1.3711055024676173,0.1633982295435939,0.8179408655134182,0.1204454502122903
1.374250239858598,0.14811998828603,0.8202748570925371,0.0995708090904378
1.3773949772495788,0.160664646759277,0.8306642986575818,0.07098397899617
1.3805397146405596,0.160664646759277,0.8306642986575818,0.07098397899617
1.3836844520315403,0.160664646759277,0.8306642986575818,0.07098397899617
1.386829189422521,0.160664646759277,0.8306642986575818,0.07098397899617
1.389973926813502,0.1479789869227189,0.8532419450568114,0.0405673632635664
1.3931186642044828,0.1237268050340177,0.8572128013935536,0.0296376230016091
1.3962634015954636,0.115301337655062,0.910704036225568,-0.0164759041487193
1.3994081389864443,0.115301337655062,0.910704036225568,-0.0164759041487193
1.402552876377425,0.115301337655062,0.910704036225568,-0.0164759041487193
1.405697613768406,0.0814096177680029,0.9049661014890604,-0.0377181377763749
1.4088423511593866,0.06079847568882,0.903486797796252,-0.0434301407028738
1.4119870885503674,0.0154688250191084,0.892494318338115,-0.0442128539512577
1.415131825941348,0.0154688250191084,0.892494318338115,-0.0442128539512577
1.4182765633323289,0.0195789768734837,0.9036047104170778,-0.0522814698356287
1.4214213007233096,0.0365825192747868,0.9188436989037156,-0.0718102846089237
1.4245660381142904,0.0365825192747868,0.9188436989037156,-0.0718102846089237
1.4277107755052711,0.0365825192747868,0.9188436989037156,-0.0718102846089237
1.430855512896252,-0.1149481044556968,0.893875275737039,-0.0604448478236962
1.4340002502872329,-0.1621972832654191,0.8876033423093493,-0.063490923528243
1.4371449876782136,-0.1565145607389272,0.9076178969356689,-0.0643159407792725
1.4402897250691944,-0.1565145607389272,0.9076178969356689,-0.0643159407792725
1.4434344624601751,-0.1503582998269749,0.9058528370328054,-0.0546711934071208
1.446579199851156,-0.1466805515978104,0.888322054626301,-0.0569993500558961
1.4497239372421369,-0.1466805515978104,0.888322054626301,-0.0569993500558961
1.4528686746331174,-0.1466805515978104,0.888322054626301,-0.0569993500558961
1.4560134120240982,-0.1466805515978104,0.888322054626301,-0.0569993500558961
1.459158149415079,-0.1581705348540409,0.8817272560358665,-0.0596162370696744
1.4623028868060597,-0.1643415305226375,0.8778573786879637,-0.0542194973760924
1.4654476241970404,-0.1643415305226375,0.8778573786879637,-0.0542194973760924
1.4685923615880212,-0.1864624188400762,0.87429310104814,-0.0418854410615311
1.4717370989790022,-0.1958431937038854,0.8717630131692864,-0.0339144707686971
1.474881836369983,-0.1958431937038854,0.8717630131692864,-0.0339144707686971
1.4780265737609637,-0.2202481363716557,0.8649344946554979,-0.0137887158164278
1.4811713111519444,-0.2029516299478529,0.8776566562461094,-0.0174751580863728
1.4843160485429252,-0.2029516299478529,0.8776566562461094,-0.0174751580863728
1.487460785933906,-0.2029516299478529,0.8776566562461094,-0.0174751580863728
1.4906055233248867,-0.2114378838411756,0.8883163889946204,-0.0107082440560826
1.4937502607158677,-0.2441299483113281,0.9363746145092752,-0.079053254460936
1.4968949981068482,-0.2171106302461107,0.948904243224488,-0.117897734843996
1.500039735497829,-0.2235063825688896,0.95256309485299,-0.1231735387537574
1.5031844728888095,-0.2057289566111304,0.9536884443113876,-0.1307149149093019
1.5063292102797905,-0.1994680039711554,0.9623265360134386,-0.1425563337621654
1.5094739476707717,-0.1934774642446874,0.9817456520509472,-0.1551482214367262
1.5126186850617522,-0.0984400447631493,1.014880963686847,-0.2000075211289699
1.515763422452733,-0.0912645826047064,1.0226357908723798,-0.2081903436014398
1.5189081598437135,-0.0912645826047064,1.0226357908723798,-0.2081903436014398
1.5220528972346945,-0.146301219428138,1.0951912825102108,-0.2346528199486335
1.5251976346256753,-0.146301219428138,1.0951912825102108,-0.2346528199486335
1.528342372016656,-0.146301219428138,1.0951912825102108,-0.2346528199486335
1.5314871094076368,-0.1257890451809802,1.09700939184762,-0.2449704422484561
1.5346318467986175,-0.086392844768572,1.109602168929513,-0.2633468545940058
1.5377765841895985,-0.086392844768572,1.109602168929513,-0.2633468545940058
1.540921321580579,-0.0302936650557458,1.1293362029997116,-0.300817468103806
1.5440660589715598,-0.0048838922022214,1.133039077185792,-0.3117992617003649
1.5472107963625406,0.0208615838442143,1.1567314555885035,-0.3370058845987082
1.5503555337535215,0.0039051392825197,1.1787097698330211,-0.360597080682113
1.5535002711445025,0.0349136882188329,1.240751492293283,-0.4043696573838866
1.556645008535483,0.0813958485736809,1.2304683934217864,-0.4077507835826479
1.5597897459264638,0.0870015255208193,1.230043203816905,-0.4026069241454509
1.5629344833174446,0.0854441483519856,1.217248319465594,-0.400508413991558
1.566079220708425,0.0468694935632166,1.0919692624659936,-0.3261033323398319
1.569223958099406,0.034722434926746,1.0623532997968983,-0.3050879716213192
1.5723686954903868,0.034722434926746,1.0623532997968983,-0.3050879716213192
1.5755134328813676,0.0439558139320486,1.0325966550654468,-0.302313026787281
1.5786581702723483,0.0341782461480533,1.02763293213562,-0.2995293754786048
1.581802907663329,0.0190916163933234,1.0227879599402798,-0.2931416595310432
1.58494764505431,0.0251316955503122,1.005274530380084,-0.2873484071262225
1.5880923824452906,0.0090607229707187,0.9571674248328412,-0.2507293356342817
1.5912371198362716,0.0090607229707187,0.9571674248328412,-0.2507293356342817
1.5943818572272523,0.0302190202094555,0.94057487950185,-0.2527178649072928
1.597526594618233,0.04733974601678,0.9383995296273564,-0.2528546261836941
1.600671332009214,0.04733974601678,0.9383995296273564,-0.2528546261836941
1.6038160694001946,0.04733974601678,0.9383995296273564,-0.2528546261836941
1.6069608067911754,0.04733974601678,0.9383995296273564,-0.2528546261836941
1.610105544182156,0.04733974601678,0.9383995296273564,-0.2528546261836941
1.6132502815731369,-0.1362326914238942,0.890176410409306,-0.2177493318041469
1.6163950189641176,-0.1332514052209663,0.8579833204584445,-0.1967924981841338
1.6195397563550984,-0.1332514052209663,0.8579833204584445,-0.1967924981841338
1.6226844937460791,-0.1500353451395717,0.8425077303442553,-0.1758607318942913
1.62582923113706,-0.1451536418783056,0.8274005539691038,-0.173809742173587
1.6289739685280409,-0.2442744617099373,0.7930297441777977,-0.128038142674618
1.6321187059190216,-0.2529096836609951,0.7878951350267779,-0.1248680577528701
1.6352634433100024,-0.2652968019124718,0.8008258898039692,-0.1325504439348251
1.6384081807009832,-0.3104328761196422,0.8148483953911113,-0.1392029917819402
1.641552918091964,-0.3396829576511269,0.8300934249449043,-0.1519455038588427
1.6446976554829449,-0.4906404161869695,0.8575769808046657,-0.1972261130468581
1.6478423928739254,-0.5044083488712805,0.8612843700021865,-0.2059385101050572
1.6509871302649062,-0.5044083488712805,0.8612843700021865,-0.2059385101050572
1.654131867655887,-0.5204352538729757,0.8688857000504653,-0.2078296947258452
1.6572766050468677,-0.5209176576754625,0.8733173925139087,-0.2157911798840485
1.6604213424378484,-0.5209176576754625,0.8733173925139087,-0.2157911798840485
1.6635660798288292,-0.5423927692472852,0.8702643584343712,-0.2508745748810572
1.66671081721981,-0.5577318421402869,0.878363438814344,-0.2562501546995757
1.6698555546107907,-0.5577318421402869,0.878363438814344,-0.2562501546995757
1.6730002920017717,-0.5536602623370546,0.8658832154535687,-0.3184995540749058
1.6761450293927525,-0.5700715519033503,0.8598850044450341,-0.3205073247679993
1.6792897667837332,-0.5581570696006545,0.8664831166141644,-0.3580508203839263
1.682434504174714,-0.5578565558606542,0.8646953596682982,-0.3646672142400773
1.6855792415656947,-0.5578565558606542,0.8646953596682982,-0.3646672142400773
1.6887239789566757,-0.5006772895076433,0.8659606632398078,-0.4114725558232732
1.6918687163476562,-0.4829377298019697,0.8669744147470249,-0.4183409017891366
1.695013453738637,-0.4829377298019697,0.8669744147470249,-0.4183409017891366
1.6981581911296175,-0.4704707235634215,0.8650026821889284,-0.4244409332874106
1.7013029285205985,-0.4585606118216562,0.8667894328412499,-0.4360850002796075
1.7044476659115793,-0.4585606118216562,0.8667894328412499,-0.4360850002796075
1.70759240330256,-0.4307271589583453,0.8693199657449049,-0.4695254210616265
1.7107371406935408,-0.4307271589583453,0.8693199657449049,-0.4695254210616265
1.7138818780845215,-0.4352548149690348,0.8911902658388154,-0.4980649893854859
1.7170266154755025,-0.4330859764940299,0.8937278886647764,-0.5137163888624284
1.7201713528664833,-0.4512233994721181,0.903728001820624,-0.520333256433695
1.723316090257464,-0.4512233994721181,0.903728001820624,-0.520333256433695
1.7264608276484448,-0.4337070211366385,0.908466069532176,-0.5098362161901692
1.7296055650394255,-0.4337070211366385,0.908466069532176,-0.5098362161901692
1.7327503024304065,-0.4449514616765211,0.9189711592798312,-0.5111359665466131
1.735895039821387,-0.4449514616765211,0.9189711592798312,-0.5111359665466131
1.7390397772123678,-0.4362724567648902,0.9290618397678072,-0.512935003030782
1.7421845146033486,-0.4534366134608665,0.9484206213555884,-0.5033675803170871
1.745329251994329,-0.4534366134608665,0.9484206213555884,-0.5033675803170871
1.74847398938531,-0.4759542203709788,0.9520750714417128,-0.4900324143657728
1.751618726776291,-0.4911962497254405,0.9589896217869628,-0.4780547862837362
1.7547634641672718,-0.5091124412473098,0.9692214933930096,-0.4693841790800496
1.7579082015582526,-0.5091124412473098,0.9692214933930096,-0.4693841790800496
1.761052938949233,-0.4981094137404679,0.9775542890282496,-0.4728250712476854
1.764197676340214,-0.5030919561785727,0.9848200858008002,-0.4666953568551256
1.7673424137311948,-0.5030919561785727,0.9848200858008002,-0.4666953568551256
1.7704871511221756,-0.5030919561785727,0.9848200858008002,-0.4666953568551256
1.7736318885131563,-0.4388213218057222,1.0220736962173171,-0.4437341640804142
1.776776625904137,-0.4388213218057222,1.0220736962173171,-0.4437341640804142
1.779921363295118,-0.4440978874450573,1.0311876451580406,-0.4205320035921878
1.7830661006860986,-0.4229541243140299,1.0286161478888856,-0.4154364251619741
1.7862108380770794,-0.3925482095179964,1.0220864803787324,-0.4010182497443487
1.78935557546806,-0.3986963335703405,0.9967286031446508,-0.362236559964763
1.792500312859041,-0.380768052891152,0.9996557502116552,-0.3643959685151422
1.795645050250022,-0.3684318218191552,1.0012631270639172,-0.3598546643838146
1.7987897876410026,-0.3684318218191552,1.0012631270639172,-0.3598546643838146
1.8019345250319831,-0.3299275308975392,0.9930677622835644,-0.3468123446893035
1.805079262422964,-0.3172962565320435,0.9771751816667568,-0.3445647707670612
1.8082239998139449,-0.2830012874426772,0.9774904483354748,-0.3572960190637193
1.8113687372049256,-0.2458144111543306,0.9645189982525842,-0.3742494953071862
1.8145134745959064,-0.2458144111543306,0.9645189982525842,-0.3742494953071862
1.8176582119868872,-0.2350181374597776,0.956875579207882,-0.3967537779467559
1.820802949377868,-0.2350181374597776,0.956875579207882,-0.3967537779467559
1.8239476867688489,-0.2277290734381806,0.9527863745922804,-0.4127621984183735
1.8270924241598296,-0.2198234018322662,0.9505026251848726,-0.423267946273321
1.8302371615508104,-0.2198234018322662,0.9505026251848726,-0.423267946273321
1.8333818989417912,-0.2210658261256418,0.93909712320091,-0.4298124675025533
1.836526636332772,-0.2210658261256418,0.93909712320091,-0.4298124675025533
1.839671373723753,-0.2331480274865356,0.938671048343148,-0.4258600741677373
1.8428161111147336,-0.3964441127769079,0.9199616804299316,-0.3830273013489627
1.8459608485057144,-0.3964441127769079,0.9199616804299316,-0.3830273013489627
1.849105585896695,-0.3964441127769079,0.9199616804299316,-0.3830273013489627
1.8522503232876757,-0.6193455257914304,0.9255636683467512,-0.3359204929085457
1.8553950606786564,-0.639263206665058,0.93239006649795,-0.328349153091424
1.8585397980696372,-0.695316638202424,0.9456578380826056,-0.3034545245890153
1.861684535460618,-0.695316638202424,0.9456578380826056,-0.3034545245890153
1.8648292728515987,-0.736562727591434,0.9506897342041138,-0.2946278783807243
1.8679740102425797,-0.736562727591434,0.9506897342041138,-0.2946278783807243
1.87111874763356,-0.736562727591434,0.9506897342041138,-0.2946278783807243
1.8742634850245412,-0.7304020592047219,0.9576886606445828,-0.304260208152578
1.877408222415522,-0.764537493152384,0.96888594276283,-0.3011368716988287
1.8805529598065027,-0.8480042787257278,1.0036261456746989,-0.2612004185609043
1.8836976971974837,-0.8480042787257278,1.0036261456746989,-0.2612004185609043
1.886842434588464,-0.8480042787257278,1.0036261456746989,-0.2612004185609043
1.889987171979445,-0.8522408036806556,1.012639290799386,-0.2551974207288864
1.8931319093704255,-0.816486154845097,1.0522273068154269,-0.2135661500131876
1.8962766467614065,-0.8312013738638012,1.047676728265924,-0.2104140796369116
1.8994213841523873,-0.872266142715794,1.0285551567571674,-0.1852074112182422
1.902566121543368,-0.8765635971340373,1.0349361023431085,-0.1753660327703547
1.9057108589343488,-0.9280074728670796,1.0345939154585613,-0.0763424650394851
1.9088555963253295,-0.9424302790028032,1.054168710983569,-0.0477906341492684
1.9120003337163105,-1.0071094885104983,1.0736757677630862,-0.0193593933029889
1.9151450711072913,-1.0051764289405072,1.09053345783656,-0.0144299450714547
1.918289808498272,-0.9677704705339544,1.1186619574493917,-0.0107398111022082
1.9214345458892528,-0.9720592480364888,1.1271567044733426,-0.0030398463943714
1.9245792832802335,-0.9440812222068607,1.1502331109246242,0.0037699804049423
1.9277240206712145,-0.8958101223613653,1.1920809060809028,0.0277197280797895
1.930868758062195,-0.8958101223613653,1.1920809060809028,0.0277197280797895
1.934013495453176,-0.8719916585728045,1.1889828018992523,0.0314284770258407
1.9371582328441568,-0.85154999653086,1.1918680696160957,0.0354245440304243
1.940302970235137,-0.7707385365254565,1.210669225852547,0.0342408327025443
1.943447707626118,-0.7414908762851308,1.2176004265228906,0.0425831228464037
1.9465924450170988,-0.7461926317358105,1.2075930585619694,0.0590457324032717
1.9497371824080796,-0.7325896391410237,1.226212115553834,0.0582904213714443
1.9528819197990608,-0.7303513953666344,1.2202068184425894,0.0588017085435354
1.956026657190041,-0.7303513953666344,1.2202068184425894,0.0588017085435354
1.959171394581022,-0.7258140815747648,1.2161402824906364,0.0624712147913235
1.9623161319720028,-0.7258140815747648,1.2161402824906364,0.0624712147913235
1.9654608693629836,-0.7912582677651386,1.1527015153453413,0.0955861595279865
1.9686056067539643,-0.7912582677651386,1.1527015153453413,0.0955861595279865
1.971750344144945,-0.7912582677651386,1.1527015153453413,0.0955861595279865
1.974895081535926,-0.8945367763843121,1.1004483043899858,0.1504061038452372
1.9780398189269064,-0.93370042668007,1.0790719220952985,0.1776618770805406
1.9811845563178871,-0.93370042668007,1.0790719220952985,0.1776618770805406
1.984329293708868,-0.93370042668007,1.0790719220952985,0.1776618770805406
1.9874740310998489,-0.897424676553488,1.1092270102008153,0.1705623313023612
1.9906187684908296,-0.8894259277214005,1.1494649290846768,0.1677118919297149
1.9937635058818104,-0.939700960520958,1.133297467973796,0.1887556173065891
1.9969082432727912,-0.939700960520958,1.133297467973796,0.1887556173065891
2.000052980663772,-0.9698077723654088,1.123159688031026,0.1984692245586979
2.0031977180547527,-0.9348214294024636,1.1802985149890064,0.1992197130952183
2.0063424554457336,-0.9444542017823718,1.1854221890145775,0.1969796972589144
2.009487192836714,-0.9706732560645958,1.166123667801357,0.2018400257821023
2.012631930227695,-0.994657875301848,1.149362768909049,0.2058443877357252
2.015776667618676,-0.9536941054041352,1.1959288697856798,0.1853868217548194
2.0189214050096567,-0.9521183782488346,1.218077924239377,0.1708840686211275
2.0220661424006376,-0.9521183782488346,1.218077924239377,0.1708840686211275
2.025210879791618,-1.012024588741114,1.2068906448064756,0.193218601220408
2.028355617182599,-1.012024588741114,1.2068906448064756,0.193218601220408
2.0315003545735797,-0.9999172161930312,1.203032139166742,0.1915607206146741
2.0346450919645607,-0.9999172161930312,1.203032139166742,0.1915607206146741
2.037789829355541,-1.0752838617157228,1.1230043679728048,0.2101196417847327
2.040934566746522,-1.119726991955814,1.0880115291920465,0.2242262388774923
2.0440793041375027,-1.119726991955814,1.0880115291920465,0.2242262388774923
2.0472240415284837,-1.1474384963833035,1.1010058635893338,0.2207333571690729
2.050368778919464,-1.1371133340129396,1.118615612309242,0.2162553553830358
2.053513516310445,-1.1072252862317296,1.1481269656338255,0.2094488924897548
2.056658253701426,-1.1095173021043931,1.131620731067203,0.2159773396092055
2.0598029910924067,-1.1267084071630789,1.1254634822609568,0.2199646856972222
2.0629477284833877,-1.1330051386773787,1.1268338082407856,0.2245786704919414
2.066092465874368,-1.0825220010949428,1.1393507410209391,0.1990532559357379
2.069237203265349,-1.0630780040887795,1.156373210574051,0.1955566686590112
2.0723819406563297,-1.0630780040887795,1.156373210574051,0.1955566686590112
2.0755266780473107,-1.0630780040887795,1.156373210574051,0.1955566686590112
2.0786714154382913,-1.014639061851118,1.1999470793685487,0.1769723274844032
2.081816152829272,-1.0366826970605791,1.152753176979177,0.1705108139039384
2.0849608902202528,-1.0366826970605791,1.152753176979177,0.1705108139039384
2.0881056276112337,-0.9576044646952622,1.1887234745456368,0.135739643101326
2.0912503650022143,-0.9463564581573878,1.183751662802758,0.1351214151932805
2.0943951023931953,-0.9661065453512856,1.1490229066164477,0.1311669420730682
2.097539839784176,-0.9767680387699968,1.1350740962951968,0.1291942894442582
2.1006845771751568,-0.9704394946634404,1.1288426116442554,0.127414454362932
2.1038293145661378,-0.9704394946634404,1.1288426116442554,0.127414454362932
2.1069740519571183,-1.006795607958538,1.107014711721661,0.1400960986877247
2.1101187893480993,-0.9926329468261046,1.1153013296882008,0.1326342411750779
2.11326352673908,-0.9827609698004216,1.110762875200821,0.1341458877584903
2.116408264130061,-0.9604960595180048,1.0220604227108914,0.1634493398459102
2.1195530015210413,-0.9872346666654904,0.9483385854555588,0.2030665303694352
2.1226977389120223,-0.9872346666654904,0.9483385854555588,0.2030665303694352
2.125842476303003,-0.9872346666654904,0.9483385854555588,0.2030665303694352
2.128987213693984,-0.986926588976492,0.9298431606983796,0.2146056494965595
2.1321319510849643,-0.986926588976492,0.9298431606983796,0.2146056494965595
2.1352766884759453,-0.986926588976492,0.9298431606983796,0.2146056494965595
2.1384214258669263,-1.007123466538964,0.930507812788152,0.219151889168028
2.141566163257907,-1.112748492959945,0.8627440206288151,0.2841025488513056
2.144710900648888,-1.125180109723721,0.8453799280307358,0.2929108558804799
2.1478556380398683,-1.125180109723721,0.8453799280307358,0.2929108558804799
2.1510003754308493,-1.1050196523027704,0.8914092162006132,0.3001134718945726
2.15414511282183,-1.079092748529944,0.9275401567015064,0.3128720704221999
2.157289850212811,-1.079092748529944,0.9275401567015064,0.3128720704221999
2.1604345876037914,-1.1103719553708478,0.8958096951828609,0.3377362866203555
2.1635793249947723,-1.128091432407235,0.8803266977810645,0.3480416235677508
2.166724062385753,-1.128091432407235,0.8803266977810645,0.3480416235677508
2.169868799776734,-1.105892669231553,0.8911346780002363,0.3522421999831409
2.1730135371677144,-1.105892669231553,0.8911346780002363,0.3522421999831409
2.1761582745586954,-1.0985046146361688,0.9147803995842964,0.3610351915884648
2.1793030119496763,-1.0556748415222776,0.9713901334391654,0.3473971689123872
2.182447749340657,-1.0556748415222776,0.9713901334391654,0.3473971689123872
2.185592486731638,-0.999840462955816,1.0387860562457722,0.3548241929862466
2.1887372241226184,-0.999840462955816,1.0387860562457722,0.3548241929862466
2.1918819615135994,-0.9908357148850692,1.039268949201671,0.3420910027233637
2.19502669890458,-0.9625432634033216,1.0559765995125712,0.3142561202141077
2.198171436295561,-0.9428962821383956,1.120743875633384,0.3051974755180839
2.2013161736865414,-0.9371817625597664,1.1507670332956077,0.2955441680623049
2.2044609110775224,-0.959067410174124,1.1408054344871876,0.3055472752848492
2.207605648468503,-0.9454846267343956,1.1711084514080552,0.2818933931260101
2.210750385859484,-0.974850198130398,1.2012160372516056,0.2807507553218355
2.213895123250465,-0.970642375543112,1.2229511807452598,0.2720299299424858
2.2170398606414454,-0.970642375543112,1.2229511807452598,0.2720299299424858
2.2201845980324264,-0.9688190304602026,1.2039210652437624,0.2632856614692813
2.223329335423407,-0.9874659619118574,1.1711763937753654,0.2653256850236066
2.226474072814388,-1.0105697226417274,1.103401533710359,0.2429623779297985
2.2296188102053685,-0.9976668097897288,1.0969162536275574,0.2254061271332795
2.2327635475963494,-0.9950693714325278,1.080690305909023,0.2137239872708871
2.23590828498733,-1.00160965590192,1.0800298932103791,0.2082935608559135
2.239053022378311,-1.00160965590192,1.0800298932103791,0.2082935608559135
2.2421977597692915,-1.0130925387680476,1.081104697279322,0.2158865277276337
2.2453424971602725,-1.0130925387680476,1.081104697279322,0.2158865277276337
2.248487234551253,-1.0130925387680476,1.081104697279322,0.2158865277276337
2.251631971942234,-1.0166682320814455,1.0774344704621517,0.2190582587845865
2.254776709333215,-1.0505641611410248,1.0400170714669068,0.2199195843309092
2.2579214467241955,-1.0609888437736652,1.0301352078514203,0.2210360552366586
2.2610661841151765,-1.0609888437736652,1.0301352078514203,0.2210360552366586
2.264210921506157,-1.0224562918629203,1.008255584372696,0.2009077174630009
2.267355658897138,-1.012510105902048,1.0006630592711954,0.1839804690959005
2.2705003962881185,-1.012510105902048,1.0006630592711954,0.1839804690959005
2.2736451336790995,-1.018010270378521,0.9874704275296906,0.1873452791953327
2.27678987107008,-1.0099018266188318,0.977073469533026,0.1859376999518202
2.279934608461061,-0.9907070337667044,0.9729719821768396,0.1722141603568167
2.2830793458520415,-0.9958129476963298,0.9657158008806516,0.1984950623492902
2.2862240832430225,-0.9765280529317908,0.9650447680637312,0.1906644977603094
2.289368820634003,-0.9813606050521752,0.9526830676854492,0.1898966535649102
2.292513558024984,-0.9713571748032273,0.9386647313217412,0.1789130011499389
2.295658295415965,-0.8176331004203415,0.8321663013403315,0.1323729259421878
2.2988030328069455,-0.800940795417254,0.811593994100156,0.1113839052581686
2.3019477701979265,-0.800940795417254,0.811593994100156,0.1113839052581686
2.305092507588907,-0.800940795417254,0.811593994100156,0.1113839052581686
2.308237244979888,-0.7926280775456236,0.7940882567119492,0.1010546531636111
2.311381982370869,-0.7557095025973426,0.8015538810402631,0.0949755016274289
2.3145267197618495,-0.7557095025973426,0.8015538810402631,0.0949755016274289
2.31767145715283,-0.7557095025973426,0.8015538810402631,0.0949755016274289
2.320816194543811,-0.7557095025973426,0.8015538810402631,0.0949755016274289
2.3239609319347916,-0.6981131826713957,0.8125363551949522,0.0813365559380959
2.327105669325773,-0.6438005213286006,0.8181151897325404,0.0618700662215722
2.330250406716753,-0.6438005213286006,0.8181151897325404,0.0618700662215722
2.333395144107734,-0.6438005213286006,0.8181151897325404,0.0618700662215722
2.336539881498715,-0.6438005213286006,0.8181151897325404,0.0618700662215722
2.3396846188896956,-0.6281175791150982,0.8279378555090235,0.0646940291813223
2.342829356280677,-0.6281175791150982,0.8279378555090235,0.0646940291813223
2.345974093671657,-0.595626301499874,0.861405588306217,0.0684679292340213
2.349118831062638,-0.5851347895049289,0.8720366153608934,0.0638263611647255
2.3522635684536186,-0.5878508849725999,0.8673091441062435,0.0623524853364517
2.3554083058445996,-0.6149660343352047,0.848094919588071,0.0690149606078912
2.35855304323558,-0.6293094137163422,0.8351187253358584,0.0720389190559556
2.361697780626561,-0.6640578856797564,0.8074335061609006,0.093706778367043
2.3648425180175416,-0.6640578856797564,0.8074335061609006,0.093706778367043
2.3679872554085226,-0.6563843801664687,0.8130344047330686,0.0867115624829241
2.371131992799503,-0.6563843801664687,0.8130344047330686,0.0867115624829241
2.374276730190484,-0.6331145325525105,0.844968771413274,0.0681822426100632
2.377421467581465,-0.6507428778940781,0.8627930228343625,0.0794026503783464
2.3805662049724456,-0.6292500880218523,0.8713571102929045,0.0754813056691044
2.3837109423634266,-0.6277975493098757,0.8684846846477057,0.0832318257126117
2.386855679754407,-0.6246067467200319,0.8700635166591826,0.0889633111680935
2.390000417145388,-0.6177445954160838,0.8767707374193127,0.0842687960832723
2.3931451545363687,-0.6177445954160838,0.8767707374193127,0.0842687960832723
2.3962898919273496,-0.6239667555196777,0.8815665585219609,0.0896824615123463
2.39943462931833,-0.577635742589599,0.9594197456877672,0.0753547658265696
2.402579366709311,-0.5670847662313048,0.9703608983287796,0.063168565750166
2.4057241041002917,-0.5867327034047212,0.9557510529378164,0.0696779486717181
2.4088688414912727,-0.620087363792789,0.9811174258447802,0.0604930212477722
2.412013578882253,-0.6044428746771977,0.9908887928601976,0.0471769942757052
2.415158316273234,-0.6289533045208425,0.9801896092584496,0.0518966201218128
2.418303053664215,-0.6289533045208425,0.9801896092584496,0.0518966201218128
2.4214477910551957,-0.6029895633270246,1.0289468690720678,0.036298500086787
2.4245925284461767,-0.6653858746290047,1.0159737678818106,0.042451417476384
2.427737265837157,-0.6653858746290047,1.0159737678818106,0.042451417476384
2.430882003228138,-0.6310591453275431,1.0596380766002782,0.0162943891619294
2.4340267406191187,-0.6310591453275431,1.0596380766002782,0.0162943891619294
2.4371714780100997,-0.6757967169245808,1.045525249514067,0.037351473924087
2.44031621540108,-0.6757967169245808,1.045525249514067,0.037351473924087
2.443460952792061,-0.6757967169245808,1.045525249514067,0.037351473924087
2.4466056901830417,-0.6642603256030288,1.0598499782220223,0.0349223829606641
2.4497504275740227,-0.6424945153603484,1.0694094109825123,0.0174150241468268
2.4528951649650033,-0.6424945153603484,1.0694094109825123,0.0174150241468268
2.456039902355984,-0.7569359948368435,0.9935297463661802,0.0432536129403567
2.459184639746965,-0.8799689561389076,0.9391062310247302,0.062837924577192
2.4623293771379458,-0.8799689561389076,0.9391062310247302,0.062837924577192
2.4654741145289267,-0.8799689561389076,0.9391062310247302,0.062837924577192
2.4686188519199073,-0.8799689561389076,0.9391062310247302,0.062837924577192
2.471763589310888,-0.8799689561389076,0.9391062310247302,0.062837924577192
2.4749083267018688,-0.8733116000851314,0.9464100253823348,0.0568545381709777
2.4780530640928498,-1.0049434895678817,0.8189285835892413,0.0679517974362387
2.4811978014838303,-1.0049434895678817,0.8189285835892413,0.0679517974362387
2.4843425388748113,-1.001919266171329,0.8082653684938809,0.0625831048854523
2.487487276265792,-1.0236365214681835,0.7904142409696062,0.0704851233677231
2.490632013656773,-1.0279377350564431,0.7759396637845234,0.0674151280252119
2.4937767510477533,-1.0279377350564431,0.7759396637845234,0.0674151280252119
2.4969214884387343,-1.0279377350564431,0.7759396637845234,0.0674151280252119
2.5000662258297153,-1.0279377350564431,0.7759396637845234,0.0674151280252119
2.503210963220696,-1.0187280151656553,0.782001146956068,0.0596162062423796
2.506355700611677,-1.0187280151656553,0.782001146956068,0.0596162062423796
2.5095004380026573,-1.0187280151656553,0.782001146956068,0.0596162062423796
2.5126451753936383,-1.0133839352882057,0.7850431273919832,0.0599915316622785
2.515789912784619,-0.9963437170429944,0.7986265555286991,0.0519744394336028
2.5189346501756,-0.954546798968641,0.855905346059627,0.016997745148883
2.5220793875665803,-0.928948858838157,0.9041289308976748,-0.0033390184604312
2.5252241249575613,-0.8606597939855015,0.9194769910347276,0.0084845214110091
2.528368862348542,-0.8557306119997163,0.9182414450586396,0.0105373432538038
2.531513599739523,-0.8539844673923876,0.90730751771183,0.0248152523734395
2.5346583371305034,-0.8677352264748088,0.8879503623393681,0.0479259704850245
2.5378030745214843,-0.8759086631794255,0.8969493908817466,0.0705748042829066
2.5409478119124653,-0.8612703009773903,0.8751652391234727,0.0619869084956765
2.544092549303446,-0.8486262270314403,0.8795060672396111,0.0567322123630118
2.547237286694427,-0.8514992663565775,0.8876679835601381,0.0539317903394539
2.5503820240854074,-0.8535238398175216,0.8853953217290941,0.0584090022267339
2.5535267614763884,-0.8535238398175216,0.8853953217290941,0.0584090022267339
2.556671498867369,-0.8522086996247461,0.8920358038819011,0.0610544882925708
2.55981623625835,-0.8522086996247461,0.8920358038819011,0.0610544882925708
2.5629609736493304,-0.8450034872480684,0.8891124609860579,0.0626480204417652
2.5661057110403114,-0.845057315635793,0.8769569186830125,0.0808867568267325
2.569250448431292,-0.845057315635793,0.8769569186830125,0.0808867568267325
2.572395185822273,-0.8138942743902637,0.903395342545678,0.0510634823000386
2.5755399232132534,-0.8138942743902637,0.903395342545678,0.0510634823000386
2.5786846606042344,-0.8170264865265612,0.90608184691086,0.0544388608995891
2.5818293979952154,-0.8170264865265612,0.90608184691086,0.0544388608995891
2.584974135386196,-0.763594946072062,0.934562137987636,0.0264494009609976
2.588118872777177,-0.763594946072062,0.934562137987636,0.0264494009609976
2.5912636101681574,-0.7750947485984366,0.8956155194062473,0.0368451559813909
2.5944083475591384,-0.7272018372574484,0.8975731517966539,0.0204537693768715
2.597553084950119,-0.70554816018164,0.9059753184376852,0.0084665361401904
2.6006978223411,-0.684576047858149,0.8930207611345888,0.0036074227551773
2.6038425597320805,-0.684576047858149,0.8930207611345888,0.0036074227551773
2.6069872971230614,-0.6908105385343332,0.8701915235333175,0.0158374799454429
2.610132034514042,-0.6908105385343332,0.8701915235333175,0.0158374799454429
2.613276771905023,-0.6720411211192693,0.8776842568075122,0.0102292102504387
2.6164215092960035,-0.6744351740863379,0.8698644702317821,4.997524811940213e-05
2.6195662466869845,-0.6844065585930882,0.8675105353864183,-0.0052553031865546
2.6227109840779654,-0.6844065585930882,0.8675105353864183,-0.0052553031865546
2.625855721468946,-0.6844065585930882,0.8675105353864183,-0.0052553031865546
2.629000458859927,-0.6980742221913998,0.8657483951470255,-0.0060910669701408
2.6321451962509075,-0.6980742221913998,0.8657483951470255,-0.0060910669701408
2.6352899336418885,-0.5801221526516916,0.9077312951768832,-0.0737046792295975
2.638434671032869,-0.5333185733666745,0.9408587683299404,-0.174070571716622
2.64157940842385,-0.4912014896832971,0.9452360942910776,-0.227100200559276
2.6447241458148305,-0.4941780514127981,0.9364800492311186,-0.2213445005873253
2.6478688832058115,-0.4720018026668798,0.9616158594497992,-0.2569941568112266
2.651013620596792,-0.4720018026668798,0.9616158594497992,-0.2569941568112266
2.654158357987773,-0.4720018026668798,0.9616158594497992,-0.2569941568112266
2.657303095378754,-0.4671161572872901,0.978657176355943,-0.3146196768627323
2.6604478327697345,-0.4671161572872901,0.978657176355943,-0.3146196768627323
2.6635925701607155,-0.454165907171203,1.0547322003701374,-0.3745206259770631
2.666737307551696,-0.454165907171203,1.0547322003701374,-0.3745206259770631
2.669882044942677,-0.4314238726565551,1.0441462432255617,-0.3911698464656117
2.6730267823336575,-0.4314238726565551,1.0441462432255617,-0.3911698464656117
2.6761715197246385,-0.4043827797602236,1.0580783344091154,-0.420988744109986
2.679316257115619,-0.4043827797602236,1.0580783344091154,-0.420988744109986
2.6824609945066,-0.4043827797602236,1.0580783344091154,-0.420988744109986
2.685605731897581,-0.3954413148781207,1.059841515068206,-0.4201577942360474
2.6887504692885615,-0.4137698080461257,1.0581142159992618,-0.4392939548433952
2.691895206679542,-0.4135140294049491,1.059364390975426,-0.4524414226019336
2.695039944070523,-0.4135140294049491,1.059364390975426,-0.4524414226019336
2.698184681461504,-0.396990839983481,1.0618734602875193,-0.4549905046573983
2.701329418852485,-0.3925680125698685,1.057664048885131,-0.4611088576939146
2.7044741562434655,-0.3925680125698685,1.057664048885131,-0.4611088576939146
2.707618893634446,-0.3925680125698685,1.057664048885131,-0.4611088576939146
2.710763631025427,-0.3990066211839478,1.0554826356120035,-0.4931127563883601
2.7139083684164076,-0.3990066211839478,1.0554826356120035,-0.4931127563883601
2.717053105807389,-0.5354802804781064,1.0291975294666913,-0.4842786838823215
2.720197843198369,-0.5433130604701879,1.027058694180991,-0.4824870667532284
2.72334258058935,-0.5433130604701879,1.027058694180991,-0.4824870667532284
2.7264873179803306,-0.565218169362428,1.0236227734962944,-0.4674237255275304
2.7296320553713116,-0.565218169362428,1.0236227734962944,-0.4674237255275304
2.732776792762292,-0.5693284075546652,1.0041387977897045,-0.4711144158744848
2.735921530153273,-0.6804811568481509,0.9863779360666164,-0.4466582655506221
2.739066267544254,-0.6765458655272386,0.9728117845823588,-0.4444824229334406
2.7422110049352346,-0.6922895424292088,0.964955666725212,-0.437672366696341
2.7453557423262156,-0.6922895424292088,0.964955666725212,-0.437672366696341
2.748500479717196,-0.6922895424292088,0.964955666725212,-0.437672366696341
2.751645217108177,-0.6659622971357877,0.9485075094983312,-0.4527121797695612
2.7547899544991576,-0.6659622971357877,0.9485075094983312,-0.4527121797695612
2.757934691890138,-0.6583847250311521,0.9370640248270348,-0.4384070855085842
2.761079429281119,-0.6583847250311521,0.9370640248270348,-0.4384070855085842
2.7642241666721,-0.6007197310022488,0.9055847339198304,-0.4737993457652655
2.7673689040630807,-0.6007197310022488,0.9055847339198304,-0.4737993457652655
2.7705136414540616,-0.5865077359954612,0.898022602596277,-0.4659089718794219
2.773658378845042,-0.5885525079050409,0.8921962700676856,-0.4595649191479553
2.776803116236023,-0.5885525079050409,0.8921962700676856,-0.4595649191479553
2.779947853627004,-0.60573589178777,0.8924421629036848,-0.4529741235540939
2.7830925910179847,-0.6000462880667343,0.8985147585053072,-0.451500399274183
2.7862373284089657,-0.5860761371932964,0.9002862370608661,-0.4235431798900075
2.789382065799946,-0.5860761371932964,0.9002862370608661,-0.4235431798900075
2.792526803190927,-0.5860761371932964,0.9002862370608661,-0.4235431798900075
2.7956715405819077,-0.5860761371932964,0.9002862370608661,-0.4235431798900075
2.7988162779728887,-0.5884009616448376,0.91349638005934,-0.4239753191130225
2.801961015363869,-0.5884009616448376,0.91349638005934,-0.4239753191130225
2.80510575275485,-0.7807385471518993,0.9446628254340652,-0.2469218804348423
2.8082504901458307,-0.8098359158753446,0.9613855182504376,-0.213960057992672
2.8113952275368117,-0.811591550924654,0.9798874484786716,-0.2067816281435874
2.814539964927792,-0.811591550924654,0.9798874484786716,-0.2067816281435874
2.817684702318773,-0.7991254123497141,0.9842205963909136,-0.2040629263310396
2.820829439709754,-0.7566809077809082,0.9938866152353826,-0.2148199957142711
2.8239741771007347,-0.7566809077809082,0.9938866152353826,-0.2148199957142711
2.8271189144917157,-0.7440583975695115,0.9934109340880544,-0.2111671842399864
2.830263651882696,-0.6754502646671099,1.0197397715181045,-0.226229111594608
2.833408389273677,-0.6754502646671099,1.0197397715181045,-0.226229111594608
2.8365531266646578,-0.6754502646671099,1.0197397715181045,-0.226229111594608
2.8396978640556387,-0.6563474876853322,1.02437765189411,-0.2304010722764488
2.8428426014466193,-0.6145962207945045,1.037852414052309,-0.2470950518940555
2.8459873388376,-0.5836947233437928,1.036866163146535,-0.2554135868285085
2.849132076228581,-0.5283657174328994,1.038929244101069,-0.2743880182239264
2.8522768136195618,-0.4716684120443215,1.0576945147756096,-0.2967001779236848
2.8554215510105423,-0.4579839033978355,1.0525356177103036,-0.3085234061012366
2.8585662884015233,-0.4567661363924008,1.0387485042848024,-0.3057247138619633
2.861711025792504,-0.464281986837649,1.0331497904879263,-0.3043080863693445
2.864855763183485,-0.464281986837649,1.0331497904879263,-0.3043080863693445
2.8680005005744658,-0.4509595390862449,1.0358191250326778,-0.3099739174034061
2.8711452379654463,-0.4509595390862449,1.0358191250326778,-0.3099739174034061
2.8742899753564273,-0.4509595390862449,1.0358191250326778,-0.3099739174034061
2.877434712747408,-0.445035284713802,1.0487390047671803,-0.3188543259770596
2.880579450138389,-0.445035284713802,1.0487390047671803,-0.3188543259770596
2.8837241875293693,-0.4658850263110393,1.0379685778928762,-0.3175629508599278
2.8868689249203503,-0.5507299909033712,1.0298637977741705,-0.3104675470389111
2.890013662311331,-0.5807990255075345,1.0158465585786502,-0.3079239545064979
2.893158399702312,-0.6393342426932953,1.0126810549735414,-0.2965424025289896
2.8963031370932923,-0.9564200022370428,0.9851220109729704,-0.1859759513520051
2.8994478744842733,-0.9564200022370428,0.9851220109729704,-0.1859759513520051
2.9025926118752543,-1.010977816199095,0.9870918748508524,-0.1765307960592174
2.905737349266235,-1.0901862690719373,0.9940444740683628,-0.1557921574552497
2.908882086657216,-1.0901862690719373,0.9940444740683628,-0.1557921574552497
2.9120268240481963,-1.0901862690719373,0.9940444740683628,-0.1557921574552497
2.9151715614391773,-1.0994459000363497,1.0018086466254366,-0.1541982389753108
2.918316298830158,-1.0994459000363497,1.0018086466254366,-0.1541982389753108
2.921461036221139,-1.1617512416536864,0.9762281376145612,-0.1461116531405235
2.9246057736121194,-1.168164504620398,0.974696635205902,-0.1537668450032485
2.9277505110031004,-1.1750103897288708,0.9704856707997525,-0.1510101339399887
2.930895248394081,-1.1750103897288708,0.9704856707997525,-0.1510101339399887
2.934039985785062,-1.1750103897288708,0.9704856707997525,-0.1510101339399887
2.9371847231760424,-1.1750103897288708,0.9704856707997525,-0.1510101339399887
2.9403294605670234,-1.137125079848686,0.962281952346765,-0.1491834847361617
2.9434741979580044,-1.0801865933237182,0.9743412269687752,-0.1470935002802731
2.946618935348985,-1.0579447920688103,0.9757982914240876,-0.1485256662400233
2.949763672739966,-1.0579447920688103,0.9757982914240876,-0.1485256662400233
2.9529084101309464,-1.040677962833079,0.9522296936013565,-0.1396763113956785
2.9560531475219274,-0.8839726576764558,0.96306581572961,-0.1870615097494136
2.959197884912908,-0.8610647960939921,0.959816665633492,-0.1877712690373021
2.962342622303889,-0.8610647960939921,0.959816665633492,-0.1877712690373021
2.9654873596948694,-0.8610647960939921,0.959816665633492,-0.1877712690373021
2.9686320970858504,-0.8523285157895952,0.9642677819942468,-0.1795671446904677
2.971776834476831,-0.8523285157895952,0.9642677819942468,-0.1795671446904677
2.974921571867812,-0.8523285157895952,0.9642677819942468,-0.1795671446904677
2.9780663092587925,-0.8523285157895952,0.9642677819942468,-0.1795671446904677
2.9812110466497734,-0.8488652001882787,0.9464323503327888,-0.1783917103865858
2.9843557840407544,-0.8558983727161182,0.9132262184175434,-0.1413135869249688
2.987500521431735,-0.8679914280899829,0.9032789649992832,-0.1075825330099207
2.990645258822716,-0.8679914280899829,0.9032789649992832,-0.1075825330099207
2.9937899962136965,-0.8536346253717497,0.8922905053832004,-0.1120225516751102
2.9969347336046774,-0.8495016545877341,0.8588016608109398,-0.1083161382221394
3.000079470995658,-0.8400076583772033,0.8523542131667228,-0.1246578649421799
3.003224208386639,-0.8180204632226689,0.7996669372735267,-0.1575910543575734
3.0063689457776195,-0.8339959468684452,0.7224788986185041,-0.2314587982827169
3.0095136831686005,-0.844162196006331,0.7195820553829829,-0.2400737209404128
3.012658420559581,-0.844162196006331,0.7195820553829829,-0.2400737209404128
3.015803157950562,-0.8327273254166704,0.7220349139436653,-0.253313811174654
3.018947895341543,-0.8327273254166704,0.7220349139436653,-0.253313811174654
3.0220926327325235,-0.8240128190863344,0.706738534218939,-0.2762575901675485
3.0252373701235045,-0.85126594230328,0.6189092793820344,-0.3068869201650152
3.028382107514485,-0.85126594230328,0.6189092793820344,-0.3068869201650152
3.031526844905466,-0.85126594230328,0.6189092793820344,-0.3068869201650152
3.0346715822964465,-0.85126594230328,0.6189092793820344,-0.3068869201650152
3.0378163196874275,-0.85126594230328,0.6189092793820344,-0.3068869201650152
3.040961057078408,-0.85126594230328,0.6189092793820344,-0.3068869201650152
3.044105794469389,-0.85126594230328,0.6189092793820344,-0.3068869201650152
3.0472505318603695,-0.85126594230328,0.6189092793820344,-0.3068869201650152
3.0503952692513505,-0.85126594230328,0.6189092793820344,-0.3068869201650152
3.053540006642331,-0.85126594230328,0.6189092793820344,-0.3068869201650152
3.056684744033312,-0.85126594230328,0.6189092793820344,-0.3068869201650152
3.059829481424293,-0.85126594230328,0.6189092793820344,-0.3068869201650152
3.0629742188152735,-0.8694036412951336,0.6359825070937181,-0.2633546460015298
3.0661189562062545,-0.9588825711950908,0.670127824570686,-0.2381515099682173
3.069263693597235,-0.9588825711950908,0.670127824570686,-0.2381515099682173
3.072408430988216,-0.973323689252836,0.6764733709621364,-0.225263354170227
3.075553168379197,-0.9804257922553588,0.6765493378362055,-0.196575920599436
3.0786979057701775,-0.9844934026475376,0.687313713765638,-0.1843916393484628
3.081842643161158,-1.003865540322507,0.699956757375314,-0.1735374963891714
3.084987380552139,-1.0179755389357872,0.7058216994578934,-0.1749435234628384
3.0881321179431196,-1.0281603595324866,0.707128020255138,-0.1651013503057259
3.091276855334101,-1.06425578423931,0.7090891787250844,-0.1147104483469021
3.094421592725081,-1.069424245933849,0.712586706690811,-0.1105895847058724
3.097566330116062,-1.069424245933849,0.712586706690811,-0.1105895847058724
3.100711067507043,-1.069424245933849,0.712586706690811,-0.1105895847058724
3.1038558048980236,-1.069424245933849,0.712586706690811,-0.1105895847058724
3.107000542289005,-1.069424245933849,0.712586706690811,-0.1105895847058724
3.110145279679985,-1.0701780846606632,0.7121693435510985,-0.1181810635630821
3.113290017070966,-1.0701780846606632,0.7121693435510985,-0.1181810635630821
3.1164347544619466,-1.0701780846606632,0.7121693435510985,-0.1181810635630821
3.1195794918529276,-1.0701780846606632,0.7121693435510985,-0.1181810635630821
3.122724229243908,-1.0701780846606632,0.7121693435510985,-0.1181810635630821
3.125868966634889,-1.0701780846606632,0.7121693435510985,-0.1181810635630821
3.1290137040258696,-1.0701780846606632,0.7121693435510985,-0.1181810635630821
3.13215844141685,-1.0701780846606632,0.7121693435510985,-0.1181810635630821
3.135303178807831,-1.0701780846606632,0.7121693435510985,-0.1181810635630821
3.138447916198812,-1.0701780846606632,0.7121693435510985,-0.1181810635630821
3.141592653589793,-1.0701780846606632,0.7121693435510985,-0.1181810635630821
