index,mu,sigma,xi
0,1.45624610821312,0.776227643259185,0.14156935110116
1,1.45110431437647,0.777375643108116,0.140116368175396
2,1.44596244650053,0.778525375947155,0.138663336829631
3,1.44082068097353,0.779676769733774,0.137210346077537
4,1.43567882849965,0.780829891438511,0.13575730695459
5,1.43053679367504,0.781984769765738,0.134304173270185
6,1.42539563190554,0.783140969750669,0.132851480815298
7,1.42025360488849,0.784299195674114,0.131398337804
8,1.41511160974381,0.78545910131754,0.129945253563879
9,1.40996968161724,0.786620699884482,0.128492297477612
10,1.40482873883285,0.787783641104078,0.127039986834424
11,1.39968707631018,0.788948642254311,0.125587489697959
12,1.39454561524998,0.790115341492686,0.124135324124667
13,1.38940441271947,0.79128373405605,0.122683556269498
14,1.38426439297201,0.792453455790595,0.121232697749705
15,1.3791238017799,0.793625241437504,0.119781901525559
16,1.37398349991191,0.794798746662947,0.118331665556083
17,1.36884347989517,0.79597398783782,0.116882036859131
18,1.36370458895545,0.797150619475139,0.115433512717308
19,1.35856502979678,0.79832938269116,0.113985246395498
20,1.35342563270701,0.799509928156624,0.112537734905866
21,1.34828723892434,0.800691899962497,0.111091470980597
22,1.34314808062471,0.80187603387394,0.109645601274987
23,1.3380090285144,0.803061981150155,0.108200618165193
24,1.33287009435056,0.804249759495247,0.106756563877767
25,1.32773217813554,0.805439019294775,0.105313923303958
26,1.32259356959374,0.80663050955696,0.103871838565482
27,1.31745518144235,0.807823875819903,0.102430792640328
28,1.31231704954351,0.809019122856226,0.100990822732869
29,1.30718007299584,0.810215881512462,0.0995524136893846
30,1.30204252536302,0.811414882852044,0.0981147155190654
31,1.2969053022623,0.812615752251806,0.0966782117919018
32,1.29177014458256,0.813817747864033,0.0952438266344426
33,1.2866291819616,0.81502420071296,0.0938075995840876
34,1.28149725931487,0.816228793878308,0.0923771073120818
35,1.27635691407224,0.817438935874329,0.0909435124278263
36,1.2712256199018,0.818647164292536,0.0895157051251604
37,1.26608592205179,0.819860896039705,0.0880848647303619
38,1.2609552950898,0.821072635875707,0.086659865836257
39,1.25582503563379,0.822286087076282,0.0852363291131724
40,1.25068645909493,0.823504989318507,0.0838099155785119
41,1.24555707158121,0.824721841631532,0.0823895081553759
42,1.24041947968575,0.82594413457236,0.0809663681402043
43,1.23529116777608,0.827164345402014,0.0795493551427032
44,1.2301547225091,0.828389980832203,0.0781297534972902
45,1.22502761988389,0.829613488065551,0.0767164016410083
46,1.21989246979465,0.830842394990021,0.0753006115055172
47,1.21476674838324,0.832069130566572,0.0738912032981931
48,1.20963307860309,0.833301239599734,0.0724795294463347
49,1.2045089449045,0.834531152365679,0.0710744540620967
50,1.19937700269685,0.835766455294916,0.0696674258774991
51,1.19425474124396,0.836999558222217,0.0682672880916443
52,1.18912481852732,0.838238066814484,0.0668655187222778
53,1.18400470456696,0.839474378218061,0.0654709283863534
54,1.1788770917415,0.840716120947746,0.0640750271070622
55,1.17375945680936,0.841955665697726,0.0626865819843956
56,1.16863451794893,0.843200648800381,0.0612971391251544
57,1.16351973475056,0.844443406834933,0.0599154252652791
58,1.15840651836299,0.845687744576884,0.058537290465785
59,1.1532863128083,0.846937486310492,0.0571586280880307
60,1.14817658008445,0.848184939631402,0.0557880946759187
61,1.1430601308464,0.84943777982482,0.0544173474375075
62,1.13795442644733,0.85068829075442,0.0530549866212232
63,1.13284232753235,0.851944160469541,0.0516927132509983
64,1.12774129205378,0.853197648067024,0.050339065394472
65,1.12263423673916,0.854456456849618,0.0489857916812303
66,1.11753860868151,0.855712833759399,0.0476413690777123
67,1.11243734799486,0.856974511405138,0.0462976045228466
68,1.10734784962446,0.858233726737013,0.0449629127406084
69,1.10225309066911,0.859498226638564,0.0436291622883632
70,1.09717041126625,0.860760221072824,0.0423047074209195
71,1.09208282303778,0.862027465355375,0.0409814817990991
72,1.08700760428983,0.86329215270802,0.0396677721274911
73,1.0819278062124,0.864562065151237,0.0383555835178379
74,1.0768606787566,0.8658293863567,0.037053131564412
75,1.07178933661998,0.867101920035189,0.0357524831288484
76,1.0667309285749,0.868371865031383,0.0344617586646475
77,1.06167705211278,0.869643149386188,0.0331770384210638
78,1.05661936778217,0.870919712879983,0.0318944766490001
79,1.05157492610645,0.872193724901332,0.0306220717279025
80,1.04652691530983,0.87347304745993,0.0293520614198941
81,1.04149231720656,0.874749828245736,0.0280923638336858
82,1.03645439144927,0.876031938134092,0.0268352943238683
83,1.03143006892764,0.87731149926372,0.0255886844134462
84,1.02640269338108,0.87859639115923,0.0243449261801907
85,1.02138914315346,0.879878710009661,0.0231117635461339
86,1.01637285083248,0.881166356452943,0.0218816782772234
87,1.01137065220488,0.882451422680043,0.0206623312618147
88,1.00636606080723,0.883741828918025,0.0194462910903264
89,1.00137580173518,0.885029657073094,0.0182411258467239
90,0.996383423636618,0.886322848620953,0.0170394916800978
91,0.991405568124393,0.887613458219024,0.0158488639658541
92,0.986425878077017,0.88890944082997,0.0146619969335433
93,0.981460940122489,0.890202858013888,0.0134863168810047
94,0.976494498504017,0.891501703019807,0.012314720538262
95,0.971543071973921,0.892798018802509,0.0111545427354418
96,0.96659863766468,0.894095810540444,0.0100023067063623
97,0.961653268738178,0.895399098676234,0.00885463377226187
98,0.956723358572763,0.896699889286147,0.00771870083872808
99,0.9517928912235,0.898006202234713,0.00658764860670625
100,0.946878157814848,0.899310011262193,0.00546855017454362
101,0.941963233453532,0.900619339921884,0.0043546549548118
102,0.937064316071944,0.901926129606457,0.00325292477294947
103,0.932165592202715,0.903238412309896,0.0021567142173668
104,0.927283143465008,0.90454810800453,0.0010728712025579
105,0.922401225337473,0.905863263998963,-5.13195060564131e-06
106,0.917535791862739,0.907175774293274,-0.00107056023564023
107,0.912671213280451,0.908493693563467,-0.00212982711782259
108,0.90782335594155,0.909808895973001,-0.00317632332731538
109,0.902976725222742,0.911129449685367,-0.00421634842131388
110,0.898147095010663,0.912447209495925,-0.00524342123108611
111,0.893319100991815,0.913770252499479,-0.00626372100706999
112,0.888508399732583,0.91509040394632,-0.00727089194102534
113,0.883699742509702,0.916415739355651,-0.00827098523005951
114,0.878908652457108,0.917738058220979,-0.00925777128797484
115,0.874127604992756,0.919061366275121,-0.0102342007224765
116,0.869349206095428,0.920389674473623,-0.0112030929635161
117,0.864588801867343,0.921714749661186,-0.0121584219963127
118,0.859831479064291,0.923044670607879,-0.0131059161554541
119,0.855092443974669,0.924371197701768,-0.0140397025014745
120,0.850356834700957,0.925702493746922,-0.0149654322957995
121,0.845639644283443,0.927030405392578,-0.0158774208410508
122,0.840926157104744,0.92836313790056,-0.0167811838841146
123,0.836231231871105,0.929692531044205,-0.017671173699239
124,0.831540285583172,0.931026787233445,-0.018552763390387
125,0.826868035490572,0.932357724848467,-0.0194205469617678
126,0.822200062517014,0.933693554385369,-0.020279759064776
127,0.817550964941852,0.935026098659504,-0.0211251324565224
128,0.812906483599418,0.936363583494796,-0.0219617526602389
129,0.808281072509433,0.937697812909503,-0.0227844963895504
130,0.803660638652274,0.939037014130748,-0.0235983111163404
131,0.799059497423946,0.940372972153497,-0.0243982237289608
132,0.794463719526987,0.941713914142064,-0.0251890406524685
133,0.789887461249497,0.943051606732799,-0.0259659367298747
134,0.785323852326027,0.944390156997991,-0.0267312761350305
135,0.780766197110248,0.945733684160167,-0.0274872783725299
136,0.77622843659072,0.947073946663136,-0.0282293422915066
137,0.771697048007792,0.948419204763748,-0.0289619070024363
138,0.767185783326435,0.949761205922814,-0.0296805189722716
139,0.762681276001856,0.95110820859732,-0.0303894664470217
140,0.75819710117015,0.952451935760619,-0.031084445175118
141,0.753720065276261,0.95380064264249,-0.0317695953115066
142,0.74926355150651,0.955146036214239,-0.0324407643791865
143,0.744814520060024,0.956496377106418,-0.0331019391823637
144,0.740386181374332,0.957843358947264,-0.0337491209774884
145,0.735965692151375,0.959195246462008,-0.0343861486319058
146,0.7315660928617,0.960543711372885,-0.0350091813638736
147,0.727174736888748,0.961897015138991,-0.0356219103000872
148,0.722804491015563,0.963246816195986,-0.0362206572752578
149,0.718442874514468,0.964601391983134,-0.0368089668677269
150,0.714102544020123,0.965952401822783,-0.0373833239151886
151,0.7097712184063,0.967308127176876,-0.0379471251891604
152,0.705461362985122,0.96866021552839,-0.0384970140313863
153,0.701166929829181,0.970012785156877,-0.0390346620378948
154,0.696882064923706,0.971369952350731,-0.0395615842167732
155,0.6926189371183,0.972723337409033,-0.0400746593666883
156,0.688365750118592,0.974081206950027,-0.040576896770122
157,0.684134460066137,0.975435170962841,-0.04106533360889
158,0.679913464738903,0.976793493668622,-0.0415428248335762
159,0.67571453118778,0.978147777532413,-0.0420065718545968
160,0.67152628308069,0.979506281214261,-0.0424592802098504
161,0.667360290200861,0.980860593266043,-0.0428983135884465
162,0.663205391183712,0.982218954994866,-0.0433262228684354
163,0.659072954568465,0.983572942818031,-0.0437405341893312
164,0.654952041074661,0.984930784290679,-0.0441436469058713
165,0.650853787110047,0.986284055693626,-0.0445332471431095
166,0.646767455171934,0.987640975257262,-0.0449115795868195
167,0.642703970883899,0.988993116333447,-0.0452764936477922
168,0.63865282803567,0.990348678183778,-0.045630081064222
169,0.634624741019854,0.991699236548144,-0.0459703522972515
170,0.630609448964497,0.993052974640089,-0.046299249330542
171,0.626617454855823,0.994401469227526,-0.0466149466831047
172,0.622643752264212,0.995748740551778,-0.0469184109230027
173,0.618683551988988,0.997098795958998,-0.0472104538898575
174,0.614746998658896,0.998443236463382,-0.047489492495248
175,0.610824424107087,0.999790194718588,-0.0477570950621358
176,0.606925752906585,1.00113129013426,-0.0480118414962728
177,0.60304154946992,1.00247463390508,-0.0482551474199832
178,0.599181453302845,1.00381187380763,-0.0484857445382992
179,0.595336231502397,1.00515109795147,-0.0487048913828958
180,0.5915152551228,1.00648397122556,-0.0489114707053531
181,0.58770953757126,1.00781853546553,-0.0491065883431061
182,0.58392819947224,1.00914646921518,-0.0492892815684097
183,0.58016249103148,1.01047577217779,-0.0494605036354978
184,0.576421253787038,1.01179815001697,-0.0496194403086251
185,0.572695988903076,1.01312155668836,-0.0497668948841384
186,0.568995291138834,1.01443772362731,-0.0499022091613028
187,0.565310918281763,1.01575456575328,-0.0500260495893418
188,0.56165114758062,1.01706391545478,-0.05013795222116
189,0.558007937191182,1.01837370086329,-0.0502384776716166
190,0.554389305167864,1.01967580650318,-0.0503273234130825
191,0.550791301322182,1.02097413189246,-0.0504048012317793
192,0.547210232825856,1.02227252122226,-0.0504710772667459
193,0.543653724596411,1.02356291373964,-0.0505260699412509
194,0.540114405947179,1.02485308644216,-0.0505699852964614
195,0.5365996345888,1.02613502200578,-0.0506028891847234
196,0.533102271758615,1.02741646020192,-0.0506248605741735
197,0.529629366985389,1.02868946335154,-0.0506361197578267
198,0.526174007912598,1.02996173580083,-0.050636622050603
199,0.522742947397886,1.03122541594222,-0.0506267371103409
200,0.519329537286715,1.03248814103513,-0.0506062915151077
201,0.515940250223611,1.03374210145094,-0.0505757879164176
202,0.512568684829666,1.03499486543754,-0.0505349217117859
203,0.509221022384271,1.03623868860834,-0.0504843281422719
204,0.505891109079527,1.03748107863459,-0.0504235780446394
205,0.502584877360289,1.03871436551317,-0.0503534323106374
206,0.499296460946273,1.03994599549546,-0.0502733375697873
207,0.496031539562852,1.04116836031496,-0.0501841823330122
208,0.492784497078232,1.04238883020523,-0.0500852943112978
209,0.489560739323869,1.0435998639183,-0.0499776843341581
210,0.486357473338996,1.04480508044083,-0.0498610764898952
211,0.483172145347784,1.04600803439901,-0.0497350843848714
212,0.480009748344138,1.04720130420553,-0.0496009031380156
213,0.476865304522041,1.04839206761833,-0.0494575910393365
214,0.473743553346687,1.04957296462749,-0.0493064565416964
215,0.470639784870415,1.05075107956862,-0.0491464545040068
216,0.467558488688111,1.05191911949768,-0.0489790036330961
217,0.464495213182983,1.05308406887477,-0.048802956300373
218,0.461454180241517,1.05423870422465,-0.0486198314777674
219,0.458431181774562,1.05538991068786,-0.0484283791085093
220,0.455430185418128,1.05653054282305,-0.0482302177476918
221,0.452447235927195,1.05766738786254,-0.0480240028157017
222,0.449486040028799,1.05879338240936,-0.0478114440755558
223,0.446542905441834,1.05991522278175,-0.047591099235461
224,0.443621293907334,1.0610259477783,-0.0473647609508976
225,0.440717773669249,1.06213215671137,-0.0471308991081901
226,0.437835571697701,1.06322699533794,-0.0468913966703541
227,0.434971500086209,1.06431696847276,-0.0466446418395999
228,0.432128518421372,1.06539532125482,-0.0463926000156259
229,0.429305037912903,1.06646520374937,-0.0461345340450459
230,0.426499709695454,1.06752965270495,-0.0458696299224603
231,0.423715086794266,1.06858207150715,-0.045599971188005
232,0.420948550478803,1.06962868001687,-0.0453237563656421
233,0.418202372713035,1.07066299471794,-0.0450431376975969
234,0.415474152464646,1.0716911155445,-0.0447562408922725
235,0.412765918278353,1.07270667100716,-0.0444652881465636
236,0.410075523279857,1.07371564500458,-0.0441683463900446
237,0.407404737051219,1.0747118059612,-0.043867708604328
238,0.404751620997824,1.0757010261302,-0.0435613815502374
239,0.402117711583512,1.07667720946139,-0.0432517104998675
240,0.399501322147677,1.0776461055905,-0.0429366398363626
241,0.396903755927938,1.07860174972904,-0.0426185801919838
242,0.394323505484145,1.07954981077877,-0.0422954582329343
243,0.391761591769529,1.08048451153028,-0.0419697667628271
244,0.389216738260293,1.08141141003413,-0.0416393774608432
245,0.386689750265972,1.08232487564825,-0.0413068149745286
246,0.384179556452943,1.08323032860764,-0.0409699027766381
247,0.381686726893113,1.08412227169951,-0.0406312053358227
248,0.379210666616815,1.08500336759668,-0.0402897159632684
249,0.376750996915517,1.08587613669462,-0.0399443915699371
250,0.374307988405254,1.08673529263419,-0.0395978491320939
251,0.371881133603521,1.08758590687311,-0.0392478250599054
252,0.369470497344214,1.08842282741913,-0.0388969686285273
253,0.367075773974364,1.08925097009104,-0.0385429887115746
254,0.364696831339018,1.09006531251938,-0.0381885638011386
255,0.362333571705624,1.09087061261537,-0.0378313837638764
256,0.359985657595222,1.09166198398213,-0.0374741441920453
257,0.357653193583605,1.09244404796983,-0.0371145061252965
258,0.355335666415708,1.09321207849945,-0.0367551749553712
259,0.353033387312221,1.09397055504302,-0.0363938037153472
260,0.350745628407158,1.09471492555605,-0.0360331179062834
261,0.348472853804927,1.09544953294961,-0.0356707673342458
262,0.346214134707444,1.09616996890812,-0.0353094847918851
263,0.343970102845574,1.09688042878897,-0.034946908102062
264,0.341739638599332,1.09757669779862,-0.0345857261849743
265,0.339523556772396,1.0982628464657,-0.0342235304613588
266,0.337320553916924,1.09893480706097,-0.0338629958887403
267,0.335130948146037,1.09959456504295,-0.0335029817861183
268,0.332955212314137,1.10024394850566,-0.0331423516203013
269,0.330791751614098,1.10087911074291,-0.0327837634564617
270,0.328641765629602,1.10150370245942,-0.0324248165443682
271,0.326503496564517,1.10211402001094,-0.0320681596905368
272,0.324378305468063,1.10271354049598,-0.0317114060263943
273,0.322264263847898,1.10329871176037,-0.0313571926014013
274,0.320162839431163,1.10387287896643,-0.0310031639476748
275,0.318071907155719,1.10443267993228,-0.0306519563791696
276,0.315993073755758,1.10498129053491,-0.0303012383261637
277,0.313924064945827,1.1055154983336,-0.0299536253617918
278,0.311866622048971,1.10603830399465,-0.0296068095495086
279,0.309818336110237,1.10654664479391,-0.0292633836363963
280,0.307781078546628,1.10704334643418,-0.0289210697435738
281,0.305752291075711,1.10752552403965,-0.0285824381904345
282,0.303733946317585,1.10799586540504,-0.0282452459714788
283,0.30172333593963,1.1084516872643,-0.0279120361902274
284,0.299722506232476,1.10889553137908,-0.0275806043812949
285,0.297728623084713,1.10932488857586,-0.0272534594070519
286,0.295742527812271,1.10974100428645,-0.0269295867895032
287,0.293765165783298,1.11014496126714,-0.0266080105246973
288,0.291793558530072,1.11053454266797,-0.0262911505544474
289,0.289830019539346,1.11091192179969,-0.0259768768973898
290,0.287871507711224,1.11127506923677,-0.0256675562173015
291,0.285920444158883,1.11162601417747,-0.0253610882594129
292,0.283973727232688,1.11196291497998,-0.0250597693703789
293,0.28203386876086,1.11228763902538,-0.0247615460624728
294,0.280097709508183,1.11259851534075,-0.024468659665403
295,0.278167840619868,1.11289725743607,-0.024179099071644
296,0.276241043982206,1.11318237727356,-0.0238950346678673
297,0.274319977462026,1.11345544711916,-0.0236144923827686
298,0.272401390885173,1.11371517054559,-0.0233395718808849
299,0.270488016657553,1.11396297538168,-0.0230683565246469
300,0.26857655828972,1.11419773106617,-0.0228028862154112
301,0.266669784181277,1.11442070343961,-0.0225413059721015
302,0.26476433290734,1.11463092951341,-0.022285600717985
303,0.262862985984299,1.11482953687904,-0.0220339860633798
304,0.260962314625351,1.11501574142462,-0.0217883933301411
305,0.25906351750462,1.11519016942815,-0.0215479851340085
306,0.257167812075116,1.1153532940115,-0.0213119878619238
307,0.255271717195414,1.11550456297147,-0.0210822282821344
308,0.253378032792237,1.11564474653365,-0.0208570869042208
309,0.251483273062624,1.11577342535581,-0.0206383243748077
310,0.249590255803371,1.11589121097215,-0.0204243964618105
311,0.247695493329559,1.11599781173778,-0.0202169949268044
312,0.245801806470897,1.11609368458501,-0.0200146505164521
313,0.243905723697995,1.11617866584527,-0.0198189877311422
314,0.242010064447181,1.1162530614093,-0.0196286158786777
315,0.240111371339277,1.11631682649404,-0.0194450846390186
316,0.238212453806809,1.11637011962864,-0.0192670792606353
317,0.236309892210061,1.11641304309872,-0.0190960553370192
318,0.234401875036349,1.116445886436,-0.0189326646442665
319,0.232503480606615,1.11646784740984,-0.018770687837244
320,0.230586833148017,1.1164808927042,-0.0186213708091283
321,0.22868216277852,1.11648258379476,-0.0184726772542853
322,0.226758864941562,1.11647626151191,-0.0183363428343566
323,0.224846714999262,1.11645825444704,-0.0182011728499455
324,0.222915584732029,1.1164331524244,-0.0180780432634762
325,0.220980171605923,1.11639904252171,-0.0179614724676394
326,0.219054601746775,1.11635283827979,-0.0178468301279112
327,0.217109564812044,1.11630088149328,-0.0177437026955388
328,0.215173425263431,1.11623655633747,-0.0176430171361134
329,0.213217542036708,1.1161673387916,-0.01755348632696
330,0.211269573997797,1.11608551844824,-0.017466908499464
331,0.209301615798995,1.11599969193691,-0.0173910991284014
332,0.207340567050812,1.11590110245333,-0.0173187278110831
333,0.205359364154416,1.11579941328782,-0.0172567137317118
334,0.203371242627566,1.11569021025386,-0.0172015081203902
335,0.201388548338423,1.11556810480703,-0.0171504497881022
336,0.199385592340463,1.11544422561498,-0.0171091292410273
337,0.19738705284294,1.11530736233192,-0.0170724382644775
338,0.195368234819244,1.11516954800402,-0.0170450710511699
339,0.193352804962439,1.11501866442712,-0.0170228239646287
340,0.191317134249097,1.114867610957,-0.0170094921962647
341,0.189283804567066,1.1147034059905,-0.0170017722975505
342,0.187230317760211,1.11453980149627,-0.0170025228937801
343,0.185167736042931,1.11437031656283,-0.0170101789972695
344,0.183105943193489,1.11418770292918,-0.0170240724004702
345,0.181024242382509,1.11400687066403,-0.0170456983023254
346,0.178942280591576,1.11381294424559,-0.0170739716896323
347,0.176840616842533,1.11362152208947,-0.0171094875862211
348,0.174737605510285,1.11341702717104,-0.0171520556201203
349,0.172615122816294,1.11321570224483,-0.0172013762761523
350,0.170490194619639,1.11300133848633,-0.0172581443212298
351,0.16834609159012,1.11279081364251,-0.0173211687156964
352,0.166191086050037,1.11257604092935,-0.0173908915667918
353,0.164032045547176,1.11234841040214,-0.0174685873081818
354,0.161854401750928,1.11212566166551,-0.0175517042195853
355,0.159671662173171,1.11189024245372,-0.0176430618013638
356,0.157470729488535,1.11166036122506,-0.0177392515368399
357,0.155263597823996,1.1114179896825,-0.0178439332107855
358,0.15303868388617,1.11118175277146,-0.017952862483537
359,0.150806419512246,1.11093319942783,-0.0180705172216162
360,0.148556788616203,1.11069132760021,-0.0181918431233653
361,0.146298636108257,1.11043730907429,-0.0183221223423158
362,0.144023571805875,1.1101904661029,-0.0184555158140492
363,0.14173573522181,1.1099414019937,-0.0185947300424447
364,0.139437609874979,1.10968042785963,-0.0187432312688748
365,0.137123307438094,1.10942727833329,-0.0188940440782129
366,0.134797509163366,1.10916236464904,-0.019054358343147
367,0.132456065341385,1.10890565648895,-0.0192164638522237
368,0.130101922168547,1.10863732907818,-0.0193882858822282
369,0.127732711130834,1.10837754937697,-0.0195613997846473
370,0.125349596671316,1.10810628022878,-0.0197444460315584
371,0.122952037865188,1.10784386579158,-0.0199283031713811
372,0.120540343626666,1.10758032727717,-0.020117344790535
373,0.118112991738561,1.10730553942963,-0.0203166190399506
374,0.115672227539521,1.10704006837728,-0.0205159836020512
375,0.113214642121042,1.10676351991252,-0.0207257705071978
376,0.110744389161194,1.10649656977785,-0.0209351863544361
377,0.108256168714168,1.10621872670047,-0.0211552144472637
378,0.105756059503253,1.10595074330358,-0.0213744225036269
379,0.103236852282329,1.10567206129135,-0.0216044295922194
380,0.10070657843646,1.10540347967977,-0.0218331849106188
381,0.098161361325964,1.10513475389921,-0.0220665521268448
382,0.0955953837370337,1.10485562004666,-0.0223109885701098
383,0.0930196160727441,1.10458691421204,-0.0225535121885053
384,0.090422004819052,1.10430805083097,-0.0228072159502146
385,0.0878155197060494,1.10403985238305,-0.0230585403181086
386,0.0851861457142523,1.10376176623125,-0.0233211538137814
387,0.0825488461683666,1.10349455432216,-0.0235809439096783
388,0.0798876235163217,1.1032177147709,-0.0238521278689679
389,0.0772194475635049,1.10295192575825,-0.0241200624978196
390,0.0745360743118114,1.1026869967278,-0.0243918940629721
391,0.0718272665573612,1.10241285273843,-0.0246752751467118
392,0.0691129468482814,1.1021499981577,-0.0249548010987009
393,0.0663721400804976,1.10187821231625,-0.0252459626248291
394,0.063626782533759,1.10161786332469,-0.0255328506947798
395,0.0608539151472512,1.10134890735293,-0.0258314141499458
396,0.0580774849957556,1.10109152228755,-0.0261252802638165
397,0.0552725301130954,1.10082583752132,-0.0264308493561223
398,0.052465002979047,1.10057180616995,-0.026731311341767
399,0.0496279361769987,1.10030975647231,-0.0270434930827461
400,0.0467892920048446,1.10005939729929,-0.0273501722521555
401,0.0439353399039721,1.09981095368886,-0.0276597730651974
402,0.0410503638207242,1.09955489533974,-0.027981101762742
403,0.038165338212169,1.09931054670862,-0.0282963657269579
404,0.0352483262536962,1.09905886140536,-0.0286233393893415
405,0.0323323204817265,1.09881890011643,-0.0289438661261907
406,0.0293833990569706,1.09857190974048,-0.0292760525474826
407,0.0264365514019565,1.09833666453879,-0.0296014097182347
408,0.0234558665190743,1.09809471398005,-0.029938356820136
409,0.0204783308492571,1.09786450602277,-0.0302681136129003
410,0.0174857615406465,1.09763687843031,-0.0305998833661321
411,0.0144580082429647,1.09740300188861,-0.0309431290910148
412,0.0114349772992148,1.09718080198886,-0.0312786742135348
413,0.00837582769458989,1.09695264678075,-0.0316255931709404
414,0.00532244137261237,1.09673611293431,-0.0319644682432293
415,0.00223204035394431,1.09651394776651,-0.0323145798693096
416,-0.000851527109199224,1.09630334336435,-0.0326563138521522
417,-0.00397297573770183,1.0960874160668,-0.0330091405970461
418,-0.00708651249199252,1.09588295187413,-0.0333532789839854
419,-0.0102147206355512,1.09568156571988,-0.0336984336301523
420,-0.0133820885598516,1.09547526759313,-0.0340544422597752
421,-0.0165399429677553,1.09528022702349,-0.0344013265187614
422,-0.0197377752082595,1.0950805398677,-0.0347588932286989
423,-0.0229249978195131,1.09489195182711,-0.0351070680074065
424,-0.0261529798121272,1.09469898561106,-0.0354657319976134
425,-0.0293692257684988,1.09451698332809,-0.0358147352004088
426,-0.0326269597450453,1.09433089745626,-0.0361740095597729
427,-0.0358718074425181,1.09415566186209,-0.0365233404381127
428,-0.0391305425988061,1.09398387732527,-0.036872586602305
429,-0.0424317381760883,1.09380859485896,-0.0372315894348402
430,-0.045718274829749,1.0936440958773,-0.0375801132384993
431,-0.0490478633624242,1.09347650643564,-0.037937996905735
432,-0.0523616077978766,1.09331960909808,-0.0382850765218174
433,-0.0557189832516546,1.09316000443152,-0.0386410957111745
434,-0.0590593662869187,1.09301095870015,-0.0389860047943478
435,-0.0624439527633815,1.09285956082179,-0.039339407249254
436,-0.0658104168308391,1.09271854482536,-0.0396814183710869
437,-0.0692216347748378,1.09257550467397,-0.0400314537433905
438,-0.0726136075211757,1.09244265636349,-0.0403698309702012
439,-0.0760179146690002,1.09231388407156,-0.0407061401062349
440,-0.0794677351753871,1.09218359680183,-0.0410497051616001
441,-0.0828966494610625,1.09206319601002,-0.0413812513817366
442,-0.0863715422526548,1.09194159159335,-0.0417195183380312
443,-0.0898244187112747,1.09182962634922,-0.0420455663155437
444,-0.0933236953354812,1.09171674902793,-0.0423777841223141
445,-0.0967998455561082,1.09161325217425,-0.0426976123526535
446,-0.100322801133535,1.0915091286695,-0.043023037360522
447,-0.10382155948721,1.09141413359157,-0.0433359228445844
448,-0.107331183090676,1.09132334736869,-0.0436451279413164
449,-0.110888144585229,1.09123239152618,-0.0439590342573543
450,-0.114419299625596,1.09115018660019,-0.0442602303123797
451,-0.117998110248882,1.09106809076707,-0.0445655037749936
452,-0.121550079468508,1.09099445861653,-0.0448579795468047
453,-0.125150011344994,1.09092119625016,-0.0451538835842616
454,-0.128722075897617,1.09085609909732,-0.0454369315141935
455,-0.132342358264418,1.09079161580224,-0.0457227469420525
456,-0.135933736672864,1.09073499650968,-0.0459956783933188
457,-0.139534319656905,1.09068253094811,-0.0462633788990732
458,-0.143183436092005,1.09063105482646,-0.0465328206283585
459,-0.146802205479677,1.09058701092789,-0.046789373971346
460,-0.150469754598901,1.09054421979574,-0.0470469540633502
461,-0.154106033982859,1.09050858554848,-0.047291677200932
462,-0.157791281828441,1.09047447014679,-0.0475366991891818
463,-0.161444333314112,1.09044722110556,-0.0477689252876999
464,-0.16514649815015,1.09042172675173,-0.048000710410171
465,-0.168815536738193,1.090402790265,-0.0482197940492193
466,-0.17249213233169,1.09038791155631,-0.0484321824814805
467,-0.176217949518637,1.09037511103335,-0.048643012192534
468,-0.179909256213016,1.09036838370624,-0.048841339377053
469,-0.183649809090063,1.09036392039578,-0.0490373419410078
470,-0.187354964031331,1.09036518086968,-0.0492210006325568
471,-0.191109371733465,1.0903688562773,-0.0494015483293698
472,-0.194827517359923,1.09037788324917,-0.0495699349287719
473,-0.198594882226801,1.09038944027599,-0.0497344122384225
474,-0.202325133302821,1.09040595768004,-0.0498869390598624
475,-0.206104528023939,1.09042508552955,-0.0500347409654873
476,-0.209845971411521,1.09044879686235,-0.05017079735498
477,-0.213592587311254,1.09047596448875,-0.0502984996069726
478,-0.217388174412006,1.09050590822247,-0.050420154728381
479,-0.221144649352167,1.09053993005075,-0.0505303740018423
480,-0.224949975234016,1.09057683091914,-0.0506336357938968
481,-0.228715460018226,1.09061746888198,-0.0507257032668002
482,-0.23252965943168,1.09066105893269,-0.0508098818972359
483,-0.23630333033908,1.09070803169036,-0.0508831292722233
484,-0.240125542056987,1.09075800203521,-0.0509475446458813
485,-0.243906537273622,1.09081099530813,-0.0510013287480175
486,-0.247690824206945,1.09086682983167,-0.0510453042501326
487,-0.25152334284798,1.09092568538159,-0.0510790179270235
488,-0.255313705313416,1.09098701501813,-0.0511025899415786
489,-0.259152065994717,1.09105132936327,-0.0511149198450929
490,-0.262947664851202,1.09111772994618,-0.0511174678441399
491,-0.266790992495018,1.09118704566598,-0.0511077793930068
492,-0.270590976790962,1.09125805790373,-0.0510886918686634
493,-0.274438371456918,1.09133189996612,-0.0510563543973059
494,-0.278241826401741,1.0914070843179,-0.0510150192801557
495,-0.282046657932958,1.09148419298386,-0.0509625355574262
496,-0.285898445206222,1.09156418678104,-0.0508953999875768
497,-0.289705674695955,1.09164538376681,-0.0508201802121902
498,-0.293559659423291,1.09172977955243,-0.0507295546336984
499,-0.297368724673813,1.09181542449048,-0.0506315647172733
500,-0.301224284662467,1.09190459702177,-0.0505174252732108
501,-0.305034554867558,1.09199503875263,-0.050396652771509
502,-0.308891022981212,1.09208932384927,-0.0502589951733507
503,-0.312701847517468,1.09218485970071,-0.0501154398079716
504,-0.316512698547955,1.09228299853856,-0.0499606775490405
505,-0.320369253853004,1.09238542791018,-0.0497879410365976
506,-0.32417965783684,1.09248904255569,-0.049610414629404
507,-0.32803539001191,1.09259724559951,-0.0494141934614712
508,-0.331844638624377,1.09270655592638,-0.049213933677812
509,-0.335698804718807,1.09282072673163,-0.0489942658421651
510,-0.339506163880737,1.09293589743845,-0.0487713147037704
511,-0.343357978479297,1.09305619339788,-0.0485282528737861
512,-0.347162654263539,1.09317736482592,-0.0482826746694392
513,-0.351011258301952,1.09330392240701,-0.0480163017607788
514,-0.354812375301595,1.09343122844358,-0.0477481924335223
515,-0.358611403627536,1.09356159756388,-0.047469036431374
516,-0.362453469540979,1.09369773254068,-0.0471680872132108
517,-0.366247560644778,1.09383437433389,-0.046866567470035
518,-0.370084039290556,1.0939769998983,-0.046542598438792
519,-0.373872227964548,1.09411993937483,-0.0462188460713575
520,-0.377702094818565,1.09426906826474,-0.0458720012186757
521,-0.38148336828488,1.09441829566053,-0.045526163147631
522,-0.385305560862648,1.09457388521063,-0.0451566031580998
523,-0.389078870749471,1.09472933046917,-0.0447888439726536
524,-0.392847863432156,1.09488780859731,-0.044410358366213
525,-0.396656554487109,1.0950528916229,-0.0440072212606733
526,-0.400415998321482,1.09521748326436,-0.0436070472389826
527,-0.404214312009949,1.0953888240598,-0.0431815946801235
528,-0.40796321264869,1.09555941331311,-0.042759869535317
529,-0.411750150054226,1.09573686370903,-0.0423122370233378
530,-0.41548754848013,1.09591328184756,-0.04186909219857
531,-0.419262110843951,1.09609664864768,-0.0413994255659089
532,-0.422987059956642,1.09627871682164,-0.0409350177818882
533,-0.426705557771633,1.09646352725293,-0.0404602127748893
534,-0.430459925273872,1.0966554756878,-0.0399580046146178
535,-0.434164658885857,1.09684579534896,-0.0394622134256034
536,-0.437904389840017,1.09704339065533,-0.0389384471034936
537,-0.441594530392154,1.09723913164208,-0.0384218763904796
538,-0.445318781548286,1.09744225858447,-0.037876767533699
539,-0.448993530255597,1.09764328617885,-0.0373396259948917
540,-0.45270147370162,1.09785178251384,-0.0367733974317913
541,-0.456360004463898,1.09805791679048,-0.036215914510675
542,-0.460010244938433,1.09826648185118,-0.0356485112104298
543,-0.463692236572013,1.09848257656357,-0.0350512328506916
544,-0.467324988663585,1.09869587295856,-0.0344638568096803
545,-0.470988471135388,1.0989166896668,-0.0338460987243368
546,-0.474602841564925,1.09913439113558,-0.0332390205087641
547,-0.47824687355791,1.09935956655596,-0.0326010718500286
548,-0.481841933247766,1.0995813045216,-0.0319745847461508
549,-0.485465575933921,1.09981046936149,-0.031316768365841
550,-0.489040470076181,1.10003591680838,-0.0306712069411705
551,-0.492642862672385,1.10026874578902,-0.029993887015567
552,-0.496196737898639,1.10049757593156,-0.0293296177265535
553,-0.499739957338405,1.10072793761193,-0.0286562801190316
554,-0.503308994721098,1.10096555136758,-0.0279505773359596
555,-0.506829921139223,1.10119872334381,-0.0272590958829344
556,-0.510375512412963,1.10143902515951,-0.026534865793455
557,-0.51387331532885,1.10167459664958,-0.0258256340452447
558,-0.517394620411445,1.10191715757183,-0.0250832869961143
559,-0.520868499326251,1.10215469602414,-0.0243567040638446
560,-0.524364700148818,1.10239903931138,-0.0235966530024136
561,-0.527813868987729,1.10263804855261,-0.0228531185413628
562,-0.531250599548427,1.10287758717419,-0.0221013921834217
563,-0.534707896157541,1.10312360688764,-0.0213157091531789
564,-0.538118868859771,1.10336388762135,-0.0205476742083573
565,-0.541549239252573,1.10361043752954,-0.0197454014094113
566,-0.544933785348981,1.10385099645387,-0.0189615385596035
567,-0.548336518579811,1.10409758727374,-0.0181431864986518
568,-0.551693982424254,1.10433797188655,-0.0173440109568907
569,-0.555068495822204,1.10458418989986,-0.0165101352776939
570,-0.55839838029566,1.10482403033747,-0.0156961994550539
571,-0.561714510359214,1.105063457916,-0.0148752087034672
572,-0.565045971162998,1.10530837220019,-0.0140192508983883
573,-0.568333775109584,1.10554661908257,-0.0131843468908138
574,-0.571635745770815,1.10579005994191,-0.012314316864201
575,-0.574894733453942,1.10602663271419,-0.0114660588968438
576,-0.578166689661494,1.10626808854604,-0.0105825318675157
577,-0.58139632715346,1.10650248502771,-0.00972148141752005
578,-0.584637685825057,1.10674142566874,-0.00882504828926373
579,-0.587837372030626,1.1069731217874,-0.00795179256801513
580,-0.591022073824465,1.10720329648678,-0.00707275612334674
581,-0.594216517659794,1.10743747898772,-0.00615823057274661
582,-0.597370209472932,1.10766418460252,-0.0052679154210627
583,-0.600532234595718,1.10789451798957,-0.00434208128054392
584,-0.603654107160077,1.10811722865928,-0.00344114292179998
585,-0.606782844004216,1.10834314994191,-0.00250469328824965
586,-0.609872025366323,1.10856129580246,-0.00159381783027901
587,-0.612966551947425,1.10878219935899,-0.000647478143951635
588,-0.616022172533936,1.10899521147831,0.000272607916589118
589,-0.61908165724839,1.10921055298832,0.00122805997716494
590,-0.622102943432885,1.1094179184303,0.00215658422512831
591,-0.625107051266637,1.1096223062222,0.00308897363950874
592,-0.628112767543753,1.10982831665379,0.00405652410690408
593,-0.631081396270601,1.11002620433945,0.00499618689966549
594,-0.634050101127954,1.11022517335986,0.00597084369654301
595,-0.636982520041637,1.11041591295934,0.00691700303248801
596,-0.639913498753521,1.11060715805611,0.00789796571277698
597,-0.642809032950621,1.11079006561124,0.00884984451029446
598,-0.645701581166819,1.1109728465175,0.00983630554698656
599,-0.648559540965728,1.11114718074514,0.0107931102723751
600,-0.651398807259673,1.11131705894941,0.0117520250339944
601,-0.654232888594195,1.11148592820206,0.0127450748728016
602,-0.657033927991085,1.11164641517376,0.0137075719315579
603,-0.659828379019451,1.11180535866025,0.0147038200880236
604,-0.662590840564071,1.11195601238167,0.0156689293623943
605,-0.665345254150072,1.11210459076624,0.0166673706791827
606,-0.66806870734474,1.11224499151225,0.0176341136943393
607,-0.670782616901111,1.11238275048326,0.0186337313018825
608,-0.673466598467279,1.11251242563041,0.0196011175680482
609,-0.676130995650748,1.11263663142853,0.020568458086992
610,-0.678783614129025,1.1127572647442,0.0215679339471795
611,-0.681407936477704,1.11286994778014,0.022534451311779
612,-0.684019025202087,1.1129784064918,0.0235325699390231
613,-0.686602970352697,1.11307901750213,0.0244972802927863
614,-0.68917223880728,1.11317471904763,0.0254930283480492
615,-0.691715533523806,1.11326269772663,0.0264549560114504
616,-0.694242736062491,1.11334512473811,0.02744732242087
617,-0.696745238789214,1.11342005481703,0.0284054711759547
618,-0.699227663564491,1.11348842824829,0.02936139289708
619,-0.701692010962338,1.11355033999497,0.0303467897900471
620,-0.704133591689907,1.11360513956536,0.0312974440971681
621,-0.706555748853752,1.11365288280285,0.0322768942404385
622,-0.708956431999775,1.11369382579248,0.0332213084880257
623,-0.711336329327801,1.11372714519622,0.0341938328967583
624,-0.713696017105693,1.1137539934558,0.0351310666197499
625,-0.716033521237481,1.11377263912975,0.0360956907444052
626,-0.718352046999418,1.11378516171648,0.0370247963915228
627,-0.720646953499796,1.11378890211655,0.0379805384136847
628,-0.722924102169712,1.11378685752669,0.0389005605217025
629,-0.725180801391903,1.1137775385768,0.0398157573496094
630,-0.727411706102183,1.11375850292635,0.0407563974107994
631,-0.729626692657124,1.11373415440369,0.0416610697683782
632,-0.731814455063569,1.11369942229783,0.0425903530207293
633,-0.733987578397435,1.11365967718758,0.043483549304986
634,-0.736132066948272,1.11360884421131,0.0444005022047434
635,-0.738263205578532,1.11355330403148,0.0452812921285465
636,-0.740364278357087,1.11348596624952,0.0461849678441474
637,-0.742453276176833,1.11341423097565,0.0470524382417885
638,-0.744521475868953,1.11333437092776,0.047913029347276
639,-0.746557440824813,1.11324162920998,0.0487952194029047
640,-0.748583220359434,1.11314502171689,0.0496413274091275
641,-0.750575301081202,1.11303483214825,0.0505082341181156
642,-0.752558510040412,1.11292117537251,0.0513392162273366
643,-0.754506602341386,1.11279326028803,0.0521901841002111
644,-0.756447137045935,1.112662334478,0.053005418747428
645,-0.758351108435977,1.11251651105697,0.0538398144420029
646,-0.760248877497705,1.11236819183737,0.0546386709188827
647,-0.762125632404636,1.11221130909157,0.0554292191142038
648,-0.763963821085753,1.11203868201109,0.0562376063730595
649,-0.765797916707777,1.11186439342245,0.0570107509320345
650,-0.767592088417373,1.11167379307244,0.0578008110538519
651,-0.769383564425707,1.11148207091465,0.0585558525237274
652,-0.771133781674844,1.11127344021312,0.0593268701069023
653,-0.772882750421891,1.11106421730118,0.060063123522899
654,-0.774589209229406,1.11083750186146,0.0608143993932152
655,-0.776295916899517,1.110610761521,0.0615311995638377
656,-0.777981914899432,1.11037541628769,0.0622381898023428
657,-0.77962356525522,1.1101217686562,0.0629587613787026
658,-0.78126769762531,1.109868968313,0.0636453376403538
659,-0.782866298467653,1.10959731616057,0.0643445065041501
660,-0.784468874972166,1.10932707715139,0.0650100226565239
661,-0.786024717192616,1.10903742545943,0.0656871078708545
662,-0.78758600870917,1.10874975526926,0.066330901584663
663,-0.789099383627336,1.1084421466719,0.0669852614947783
664,-0.790619684018585,1.10813713772928,0.067606784317114
665,-0.79209090421853,1.10781168553285,0.068237898902427
666,-0.793570513402999,1.10748943051999,0.0688366554498923
667,-0.795030193290973,1.10715872998165,0.0694240414687872
668,-0.796439025642908,1.10680684262295,0.0700195666076184
669,-0.797858357104835,1.10645906126063,0.0705835172308464
670,-0.799225635082778,1.10608957996688,0.071154620547956
671,-0.800604796878549,1.10572477881091,0.0716946851474334
672,-0.801930725523433,1.10533777075685,0.0722408882362647
673,-0.803270024073094,1.1049560965155,0.0727565684028148
674,-0.804555062770378,1.10455185980667,0.0732773109685784
675,-0.805855002300326,1.10415369424348,0.0737680506814025
676,-0.807135764021011,1.10374754929066,0.0742463194178861
677,-0.808360777209625,1.10331833159908,0.0747280279574782
678,-0.809602955742174,1.10289621410449,0.0751805514094548
679,-0.810788402799338,1.10245066721892,0.0756354034408598
680,-0.811992498413434,1.10201287090417,0.076061635042026
681,-0.813138879725951,1.10155127542717,0.0764890603810135
682,-0.814305362950837,1.10109805708598,0.076888441703389
683,-0.815413174924956,1.10062068251444,0.0772878578137742
684,-0.816542565262357,1.1001523114975,0.0776598209106354
685,-0.817653907538188,1.0996765697322,0.0780180846497451
686,-0.818705232821592,1.09917612453283,0.0783746245384731
687,-0.819780319292117,1.09868557437938,0.0787046438043264
688,-0.820794489811488,1.09816998776918,0.0790317604576744
689,-0.821833837530653,1.09766491099037,0.0793330197272378
690,-0.82281140325662,1.09713447713499,0.0796301864593271
691,-0.823815603614376,1.09661515762025,0.079902181796511
692,-0.824757237258422,1.09607016109947,0.0801688879026554
693,-0.825726977226445,1.09553685098433,0.0804111330528069
694,-0.826680020045489,1.09499672958488,0.0806385634357566
695,-0.827569384295095,1.09443041199307,0.080858895727595
696,-0.828489001932627,1.09387657188814,0.081055854032984
697,-0.829344198601285,1.09329618329516,0.0812444998922863
698,-0.830231026799756,1.0927288416911,0.0814106478643377
699,-0.831052697656262,1.09213469391385,0.0815674885423425
700,-0.831907361989442,1.0915541903695,0.0817028459793704
701,-0.832696141124106,1.09094663043924,0.0818279218667499
702,-0.833519222292942,1.09035331447011,0.0819325314363496
703,-0.834275682271117,1.08973272790395,0.082025902516233
704,-0.835067733121464,1.0891269793089,0.0820998311219905
705,-0.835844748990905,1.08851527011228,0.0821586780651262
706,-0.836554153709273,1.08787604142139,0.0822048397985226
707,-0.837301149429949,1.08725259826488,0.0822330529344235
708,-0.837979955526654,1.08660153762694,0.0822476197906946
709,-0.838697676034157,1.08596693660791,0.0822453433782951
710,-0.839346633062336,1.08530470752281,0.0822286567302596
711,-0.840035803372033,1.08465961610299,0.0821963365552336
712,-0.840655672513741,1.0839868873338,0.0821488779845073
713,-0.841317026502921,1.08333192349807,0.0820869771676142
714,-0.84196495125834,1.08267231030839,0.0820106854926873
715,-0.842542793403299,1.081985031323,0.0819181839754928
716,-0.843163962959434,1.08131638861267,0.0818129834285789
717,-0.843714548565429,1.08062008395015,0.0816908718675454
718,-0.844309683351918,1.07994298397381,0.0815572069639024
719,-0.844833799601487,1.07923825256656,0.0814059362468315
720,-0.845403701088859,1.07855327513753,0.081244238681326
721,-0.845902234928031,1.07784072068061,0.0810642519822056
722,-0.846447832934974,1.07714846605354,0.0808749456569929
723,-0.846981815799539,1.07645284979833,0.0806722032190195
724,-0.847443987160697,1.07572978065906,0.0804501581946245
725,-0.847955047097382,1.07502778969256,0.0802204035468312
726,-0.848394040982032,1.07429845381095,0.0799706760090463
727,-0.848883108436433,1.07359068033029,0.0797142935270785
728,-0.849299870772728,1.072855669179,0.0794372775531239
729,-0.849767852815914,1.07214269014087,0.0791546742495264
730,-0.850163318001022,1.07140262621325,0.0788508377731032
731,-0.85061114865455,1.07068505981519,0.0785424974991823
732,-0.851049430789406,1.06996545768573,0.0782216728937266
733,-0.851415003627305,1.06921901932147,0.0778787573373234
734,-0.851834619492192,1.06849569921118,0.077532921029732
735,-0.852181446330283,1.06774569592128,0.077164439387035
736,-0.852583407100234,1.06701916750061,0.0767940808169319
737,-0.852912514908973,1.06626610585326,0.0764005355324333
738,-0.853297782641087,1.06553685594561,0.0760061339264186
739,-0.853610147143972,1.064781230566,0.0755880142201434
740,-0.853979682399974,1.06404971778684,0.075170046601542
741,-0.854276314776242,1.06329197343892,0.0747278500304477
742,-0.854631090090932,1.0625586015324,0.0742867949608672
743,-0.854978942515648,1.06182444789642,0.0738345482335059
744,-0.855253901447997,1.06106425205553,0.0733573194870556
745,-0.855588350397361,1.06032874147115,0.0728826622108667
746,-0.85584991660816,1.05956729168773,0.0723825239427019
747,-0.856171805542575,1.05883069421654,0.0718858847214728
748,-0.85642081552467,1.05806826031266,0.0713632726241781
749,-0.856730912886141,1.05733085818872,0.0708450780850174
750,-0.856968109186362,1.05656777456093,0.0703004452403749
751,-0.857267089195398,1.05582992088,0.0697611398561386
752,-0.857560837228444,1.05509196884701,0.0692116089288826
753,-0.857781660397958,1.05432857278133,0.0686349708484901
754,-0.858065277018458,1.05359063341983,0.0680649954049694
755,-0.858275989062766,1.05282738077312,0.0674674858647763
756,-0.858550142571258,1.05208968781333,0.0668775146929655
757,-0.858751425298787,1.05132679385937,0.0662595927235909
758,-0.85901677881588,1.05058954058244,0.0656500664610439
759,-0.859209327379721,1.04982719644521,0.065012182540264
760,-0.859466545450292,1.0490905565857,0.0643835292336424
761,-0.859719984776244,1.0483542735859,0.0637456141108864
762,-0.859900701385555,1.04759304374049,0.0630787387713089
763,-0.860146890154414,1.04685756995076,0.0624222969249928
764,-0.860320403556154,1.04609722205883,0.0617364999554681
765,-0.860559868575091,1.04536265393361,0.0610619375057084
766,-0.860726681914171,1.04460331275356,0.0603576642257939
767,-0.860959876168045,1.04386977890619,0.0596654228748387
768,-0.861120445626233,1.04311156050989,0.0589431275021106
769,-0.861347813521379,1.04237916345957,0.058233649309061
770,-0.861572477231675,1.04164736156059,0.0575158540570748
771,-0.861724576147196,1.04089100748612,0.0567675243007135
772,-0.861944051227799,1.04016048300299,0.0560331601478512
773,-0.862090999514388,1.03940550009031,0.0552679632152565
774,-0.862305693784732,1.03867634119035,0.0545174921174567
775,-0.862447918531934,1.03792280651509,0.0537359083921076
776,-0.862658222990423,1.03719508473008,0.052969789281869
777,-0.86279609806388,1.03644306585672,0.0521722838827244
778,-0.863002371414275,1.03571682509002,0.0513909668078227
779,-0.86313629100402,1.03496634678681,0.0505780160884237
780,-0.863338933572036,1.03424162466363,0.0497819972613575
781,-0.863539919189428,1.03351768961925,0.0489789513104753
782,-0.863668640322382,1.03276968304641,0.0481440032682016
783,-0.86386647210435,1.03204744325168,0.0473270924408993
784,-0.863992099093056,1.03130124716564,0.0464781204097544
785,-0.864187129487879,1.03058081864526,0.0456479054505253
786,-0.864310095312878,1.02983655674418,0.0447854924487263
787,-0.86450276398194,1.02911806348294,0.043942541463218
788,-0.864623489837165,1.02837588470716,0.0430672789036895
789,-0.864814158399684,1.02765950107587,0.0422121687374166
790,-0.865003967378519,1.02694422181536,0.041351287864593
791,-0.865122004599485,1.02620549581388,0.0404579630519837
792,-0.865310336875807,1.02549256130381,0.0395857906327837
793,-0.86542704923264,1.02475630904306,0.0386811154989595
794,-0.865614290943438,1.02404580656506,0.0377982421573627
795,-0.8657300663789,1.02331209239989,0.036882820630694
796,-0.865916582639051,1.02260405620775,0.0359898260393388
797,-0.8660318141608,1.02187288979403,0.0350642575948964
798,-0.866218013957411,1.02116731049897,0.034161724729581
799,-0.866404211066526,1.02046291990724,0.0332547112965691
800,-0.866519433621842,1.01973546939305,0.032315118330123
801,-0.866705934589892,1.01903341165775,0.0313994320554376
802,-0.866821684232847,1.01830829266398,0.0304511860256892
803,-0.867008905031079,1.01760840645098,0.0295274024223516
804,-0.867125653196436,1.01688546706028,0.0285710771404546
805,-0.867314121192889,1.01618766045834,0.0276397222676963
806,-0.867432431377407,1.01546685427712,0.0266758391596702
807,-0.867622659907337,1.01477109752019,0.0257374094136502
808,-0.867813930890037,1.01407633193589,0.0247956818092761
809,-0.867935494350476,1.01335864485714,0.0238214892164496
810,-0.868129207837712,1.01266589035974,0.0228734758515776
811,-0.868253500548844,1.0119502702644,0.0218930817143739
812,-0.868450041638278,1.01125949690562,0.020939331059131
813,-0.86857743063599,1.01054589229668,0.0199532884577782
814,-0.868777143426378,1.00985702781099,0.0189943323554337
815,-0.868907983510554,1.00914535927944,0.0180031985294405
816,-0.869111223662059,1.00845834863317,0.0170395890315585
817,-0.869245914046703,1.00774857643111,0.0160439393913619
818,-0.869453093099551,1.00706336908914,0.0150762340428316
819,-0.869662367138063,1.00637901321818,0.014106719207927
820,-0.869803606302194,1.00567190893738,0.0131054032025607
821,-0.870017432699751,1.00498919693523,0.012132621846979
822,-0.870163594504241,1.00428372396649,0.0111282189960666
823,-0.870382431357378,1.00360252104714,0.010152726499762
824,-0.870534012283445,1.00289853769216,0.00914581451703003
825,-0.870758316361726,1.00221872194222,0.00816817628478811
826,-0.870915751035983,1.00151612366419,0.00715935003159861
827,-0.871145925438491,1.00083759373132,0.00618014755729179
828,-0.871379146267127,1.00015965593286,0.00520038633781279
829,-0.871546112572121,0.999458913346251,0.00418980809685532
830,-0.871785840649468,0.998782090224424,0.00320932901040557
831,-0.871959723333292,0.998082434881709,0.00219829554926569
832,-0.872206330324877,0.997406599414814,0.00121765210080019
833,-0.872387482482941,0.99670790166517,0.000206735311114925
834,-0.872641277374814,0.996032929789823,-0.000773519092548802
835,-0.872829988757038,0.995335049326243,-0.00178375277682478
836,-0.873091232237307,0.994660780613739,-0.00276307691763399
837,-0.87335623073195,0.993986782908761,-0.00374174764181939
838,-0.873556701767703,0.99328974701188,-0.00474993414789635
839,-0.873829538188964,0.992616115906633,-0.0057268706837571
840,-0.874038238272886,0.991919333615985,-0.00673298033234954
841,-0.87431916184318,0.991245826759359,-0.00770762702180536
842,-0.874536309310382,0.990549046410131,-0.00871109230522754
843,-0.874825495140584,0.98987540700285,-0.0096829124504692
844,-0.875051236421017,0.98917834403,-0.0106831939089014
845,-0.875348792236466,0.988504278791335,-0.0116516778468281
846,-0.875650478542615,0.987829901285587,-0.012618333332522
847,-0.875889139222335,0.987131864624399,-0.0136128931269957
848,-0.876199215978388,0.986456656824839,-0.0145754583514457
849,-0.876446604206436,0.985757668637065,-0.0155655626016627
850,-0.876765264674438,0.985081480277856,-0.0165236082942945
851,-0.877021659340427,0.984381418873984,-0.0175088434116483
852,-0.877349177573313,0.983704113958196,-0.0184619784144178
853,-0.877614835139779,0.983002818940622,-0.0194419502801606
854,-0.877951423922452,0.982324238790103,-0.0203898050224032
855,-0.878226549627166,0.981621555179931,-0.0213641411188233
856,-0.87857241629419,0.980941567196846,-0.0223063543722185
857,-0.878922911154455,0.980260844059667,-0.0232456597281036
858,-0.879212514878374,0.979555858133484,-0.024210897784866
859,-0.879572503272844,0.978873531803424,-0.0251440420738544
860,-0.879871948841811,0.978166805669608,-0.0261027539047561
861,-0.88024148884239,0.977482707423869,-0.0270294214837301
862,-0.88055078507312,0.976774072551562,-0.0279812941167666
863,-0.880929831872111,0.976088054502633,-0.0289011879956858
864,-0.881248875693408,0.975377380295146,-0.0298459162586909
865,-0.881637284384802,0.974689333649416,-0.0307587483905198
866,-0.882030260102653,0.974000267174391,-0.0316680100159591
867,-0.882363596766981,0.973286406540431,-0.0326015672467525
868,-0.882765784744488,0.972595240634418,-0.0335034006444016
869,-0.88310858598163,0.971879193838845,-0.0344291753417131
870,-0.883519902055276,0.971185890759218,-0.0353233602475221
871,-0.883872070577,0.970467623142062,-0.0362411326429877
872,-0.88429241412179,0.969772148316319,-0.037127464559622
873,-0.884653860757675,0.969051618028455,-0.0380370297527023
874,-0.885083143935776,0.968353916851599,-0.038915318907959
875,-0.885516799312658,0.967655092809865,-0.0397895885165105
876,-0.885891977453555,0.966931082408393,-0.0406865895455777
877,-0.886334618912672,0.966230014163489,-0.0415526241492871
878,-0.886719145145402,0.965503712038744,-0.0424410901639516
879,-0.887170902567527,0.96480043100905,-0.0432988277888409
880,-0.887564895896237,0.96407184168195,-0.0441787019150212
881,-0.888025866761451,0.96336633023353,-0.045028094346826
882,-0.888429389389967,0.962635427908105,-0.045899339858865
883,-0.888899589696493,0.961927662172502,-0.0467403672326136
884,-0.889374335656704,0.96121877784908,-0.0475772762319143
885,-0.889792083305155,0.960484374001996,-0.0484356338414725
886,-0.890276068089501,0.959773181590485,-0.0492641809894626
887,-0.890703326667608,0.959036368357002,-0.0501139218150008
888,-0.891196473710576,0.958322817338377,-0.050934140497455
889,-0.891633117380119,0.95758354790183,-0.0517753065527186
890,-0.892135274336675,0.956867581045131,-0.0525872442990221
891,-0.892581115752894,0.956125777159797,-0.0534198962062709
892,-0.893092060556887,0.955407308300037,-0.0542236274875738
893,-0.893546826317217,0.954662870999361,-0.0550478598749429
894,-0.894066264291411,0.953941785596278,-0.0558434897652555
895,-0.894589774963034,0.953219353612041,-0.0566351729575064
896,-0.895057301111708,0.952470701073692,-0.057447049629593
897,-0.895588938476182,0.951745396195876,-0.0582307829703733
898,-0.896064801768053,0.950993693262719,-0.0590344991731174
899,-0.89660447846602,0.950265354479331,-0.0598103721683468
900,-0.89708859614677,0.949510443703858,-0.0606060244989322
901,-0.897636245809622,0.948778923405172,-0.0613741365689772
902,-0.898128583895785,0.948020670230742,-0.0621618307231933
903,-0.898684184235649,0.947285852645764,-0.0629222833869075
904,-0.899243692237104,0.94654935900141,-0.0636790021699476
905,-0.899748264379031,0.945785861167458,-0.0644550057998189
906,-0.900315708454996,0.945045848143816,-0.0652041903054305
907,-0.900828465547299,0.944278656422116,-0.0659724414934471
908,-0.901403830753447,0.943535005489363,-0.0667141392284186
909,-0.901924730638068,0.942764012570217,-0.0674746872497897
910,-0.902507921648927,0.942016640837414,-0.0682089486075975
911,-0.90303680845675,0.941241777763669,-0.0689618517302011
912,-0.903627634424867,0.940490622775687,-0.0696887393154747
913,-0.90422213129906,0.939737577147402,-0.0704120260993337
914,-0.904762496120796,0.938956799408155,-0.0711536630621974
915,-0.905364224534522,0.93819984532916,-0.0718697082075782
916,-0.905911868615086,0.937414988997874,-0.0726039284889691
917,-0.90652044057907,0.936654043486321,-0.0733128502069741
918,-0.907074902491692,0.935865040112824,-0.0740397846614232
919,-0.907689810664444,0.935100055532042,-0.0747417174462513
920,-0.908250512145464,0.934306862993004,-0.0754615164299617
921,-0.908871156746808,0.933537786330148,-0.0761566207876658
922,-0.909494395679802,0.93276666773901,-0.0768484343190889
923,-0.910063251694027,0.931967107440426,-0.0775579431997552
924,-0.910691403578295,0.931191838726077,-0.0782432500157814
925,-0.911265082597693,0.930387989667929,-0.0789461770165809
926,-0.911897673362996,0.929608545312102,-0.0796252383536334
927,-0.912475716698205,0.928800359882649,-0.0803218496053888
928,-0.913112341947782,0.928016678424766,-0.0809949198657984
929,-0.913694377239832,0.927204097711052,-0.0816854775428484
930,-0.914334714318675,0.926416165954373,-0.0823527881050155
931,-0.914920405179512,0.925599229494923,-0.083037484695898
932,-0.9155641096008,0.924807097149906,-0.0836991973612048
933,-0.916209365201956,0.924012912630696,-0.0843582164607312
934,-0.91679992357798,0.923189560019672,-0.0850344865759413
935,-0.917448215187181,0.922391270804456,-0.0856881811137736
936,-0.918041924548686,0.921563776452754,-0.0863590802260143
937,-0.918693325816285,0.920761576600323,-0.0870077009954807
938,-0.919290295358915,0.91993015526261,-0.087673500416973
939,-0.919944893277406,0.919124255468172,-0.0883173211405404
940,-0.920545242838857,0.918289148089993,-0.0889783252961495
941,-0.921203244342978,0.917479821453682,-0.08961766612693
942,-0.921863016118939,0.916668916835331,-0.0902549281921639
943,-0.922468891521783,0.915828876899508,-0.0909094300438115
944,-0.923132387981477,0.915014993122678,-0.0915427421865138
945,-0.923742174881384,0.914172030920914,-0.0921933633477078
946,-0.924409517549413,0.913355447118789,-0.092823109713425
947,-0.925023317142959,0.912509832454992,-0.0934702538736329
948,-0.925694568973295,0.911690801154084,-0.0940968341669624
949,-0.926312406272427,0.910842785536187,-0.0947409257898188
950,-0.926987550698798,0.910021539826325,-0.0953647659207772
951,-0.927664590356666,0.909199278912108,-0.0959874212911925
952,-0.928288378057148,0.908348089015548,-0.0966278026000212
953,-0.92896929349028,0.907523907774854,-0.0972483753242501
954,-0.929597102855975,0.906670843111646,-0.0978868243978601
955,-0.930281911041968,0.905844958771211,-0.0985057148250847
956,-0.930913699852678,0.904990303719626,-0.099142521094788
957,-0.931602297677289,0.90416307626187,-0.099759811716355
958,-0.932237927295493,0.903307238979515,-0.100394937221919
959,-0.932930179358696,0.902479042977761,-0.101010571768517
960,-0.93362417800856,0.901650488336934,-0.101625373158085
961,-0.934265274684772,0.900793534347305,-0.102257895856846
962,-0.934962742837782,0.899964502672882,-0.102870990208783
963,-0.935607399238069,0.899107256842506,-0.103501755241033
964,-0.936308285246324,0.898278130238513,-0.104113157879346
965,-0.936956426842303,0.897420971862032,-0.104742193485264
966,-0.937660636871402,0.896592090597734,-0.105351942896739
967,-0.938312143644616,0.895735342212069,-0.105979301295815
968,-0.939019538309064,0.894906991470797,-0.106587460451862
969,-0.93967424615802,0.894050918721934,-0.107213217923124
970,-0.940384651656265,0.893223326778102,-0.107819869698465
971,-0.941096465141543,0.892396173672358,-0.108425815939012
972,-0.941755572130842,0.89154147384263,-0.109049368935002
973,-0.94247006213311,0.890715320069876,-0.109653972379335
974,-0.943131793471232,0.889861715470373,-0.110276208044846
975,-0.94384868642984,0.889036667115372,-0.110879605698917
976,-0.94451274692376,0.888184247299798,-0.111500676934004
977,-0.945231771250392,0.887360390308212,-0.112103032047694
978,-0.94589792910174,0.886509255138812,-0.112723122047354
979,-0.946618889726807,0.885686680859936,-0.113324621679174
980,-0.947340730262475,0.88486475716226,-0.113925771401384
981,-0.948009628708635,0.884015666843855,-0.114544766345011
982,-0.948733061987513,0.883195107619989,-0.115145351760296
983,-0.94940346607296,0.882347445935716,-0.115763869337339
984,-0.950128247120294,0.881528284483696,-0.116364097431772
985,-0.950799955331101,0.880682084010944,-0.116982356679225
986,-0.951525912347946,0.879864342700513,-0.117582445930987
987,-0.952198736783141,0.879019606851483,-0.118200681046124
988,-0.952925686944916,0.878203264550561,-0.118800861910226
989,-0.95365306360636,0.877387593211902,-0.119401159469132
990,-0.954327205357085,0.876544991396908,-0.120019709958263
991,-0.955055275904503,0.875730740346434,-0.12062021995494
992,-0.955730027535557,0.8748896473153,-0.121238955645456
993,-0.956458602972409,0.874076888089119,-0.121839612716126
994,-0.957133801661014,0.873237365118896,-0.122458468386463
995,-0.957862744060534,0.87242614216558,-0.123059212536248
996,-0.958538253327926,0.871588217052978,-0.123678130648397
997,-0.95926742403499,0.870778539730728,-0.124278912559489
998,-0.959996644238532,0.869969616113452,-0.124879700322412
999,-0.960672314020159,0.869134053186185,-0.125498639260961
