Peak Time,Load MW,Forecast MW,Degrees F,Day,DoW,Month,Hour
2020-01-01 19:00:00-05:00,92443,96136,41,1,2,1,19
2020-01-02 07:00:00-05:00,100370,99181,36,2,3,1,7
2020-01-03 17:00:00-05:00,93403,93885,51,3,4,1,17
2020-01-04 18:00:00-05:00,90368,89886,50,4,5,1,18
2020-01-05 18:00:00-05:00,97376,93630,42,5,6,1,18
2020-01-06 07:00:00-05:00,101426,99784,38,6,0,1,7
2020-01-07 18:00:00-05:00,105396,105362,41,7,1,1,18
2020-01-08 18:00:00-05:00,107918,109271,38,8,2,1,18
2020-01-09 07:00:00-05:00,112315,112138,32,9,3,1,7
2020-01-10 07:00:00-05:00,98756,99125,45,10,4,1,7
2020-01-11 18:00:00-05:00,83748,85282,66,11,5,1,18
2020-01-12 18:00:00-05:00,87128,87029,51,12,6,1,18
2020-01-13 18:00:00-05:00,97224,96648,50,13,0,1,18
2020-01-14 18:00:00-05:00,97109,96532,50,14,1,1,18
2020-01-15 07:00:00-05:00,94886,94708,41,15,2,1,7
2020-01-16 18:00:00-05:00,102862,103057,43,16,3,1,18
2020-01-17 07:00:00-05:00,109145,107311,32,17,4,1,7
2020-01-18 17:00:00-05:00,102073,97383,42,18,5,1,17
2020-01-19 18:00:00-05:00,105600,104307,37,19,6,1,18
2020-01-20 18:00:00-05:00,114847,112786,32,20,0,1,18
2020-01-21 07:00:00-05:00,119139,117866,32,21,1,1,7
2020-01-22 07:00:00-05:00,119546,116707,32,22,2,1,7
2020-01-23 07:00:00-05:00,112623,111854,32,23,3,1,7
2020-01-24 07:00:00-05:00,101590,102940,41,24,4,1,7
2020-01-25 18:00:00-05:00,92317,93267,46,25,5,1,18
2020-01-26 18:00:00-05:00,95779,95428,46,26,6,1,18
2020-01-27 18:00:00-05:00,102882,103338,45,27,0,1,18
2020-01-28 18:00:00-05:00,104642,105926,40,28,1,1,18
2020-01-29 18:00:00-05:00,104540,106084,40,29,2,1,18
2020-01-30 07:00:00-05:00,108446,109534,32,30,3,1,7
2020-01-31 07:00:00-05:00,104297,106157,33,31,4,1,7
2020-02-01 18:00:00-05:00,92590,94289,46,1,5,2,18
2020-02-02 18:00:00-05:00,88733,90850,51,2,6,2,18
2020-02-03 07:00:00-05:00,95100,95289,42,3,0,2,7
2020-02-04 18:00:00-05:00,93791,94748,54,4,1,2,18
2020-02-05 18:00:00-05:00,101839,102676,41,5,2,2,18
2020-02-06 18:00:00-05:00,101168,98318,47,6,3,2,18
2020-02-07 18:00:00-05:00,102973,100686,43,7,4,2,18
2020-02-08 18:00:00-05:00,96111,96232,40,8,5,2,18
2020-02-09 19:00:00-05:00,94775,94355,46,9,6,2,19
2020-02-10 18:00:00-05:00,99348,99402,47,10,0,2,18
2020-02-11 18:00:00-05:00,97351,98240,47,11,1,2,18
2020-02-12 18:00:00-05:00,102049,101199,46,12,2,2,18
2020-02-13 19:00:00-05:00,101883,100285,44,13,3,2,19
2020-02-14 19:00:00-05:00,109532,110327,36,14,4,2,19
2020-02-15 07:00:00-05:00,107439,107764,32,15,5,2,7
2020-02-16 19:00:00-05:00,91519,95018,46,16,6,2,19
2020-02-17 07:00:00-05:00,98307,103126,34,17,0,2,7
2020-02-18 07:00:00-05:00,96515,97877,45,18,1,2,7
2020-02-19 19:00:00-05:00,100372,102972,38,19,2,2,19
2020-02-20 19:00:00-05:00,108980,109879,37,20,3,2,19
2020-02-21 07:00:00-05:00,114998,114575,32,21,4,2,7
2020-02-22 07:00:00-05:00,99707,98791,32,22,5,2,7
2020-02-23 07:00:00-05:00,90471,88909,32,23,6,2,7
2020-02-24 07:00:00-05:00,98301,97354,41,24,0,2,7
2020-02-25 18:00:00-05:00,95187,96137,50,25,1,2,18
2020-02-26 18:00:00-05:00,97748,97456,51,26,2,2,18
2020-02-27 19:00:00-05:00,107068,105437,38,27,3,2,19
2020-02-28 07:00:00-05:00,106102,106775,32,28,4,2,7
2020-02-29 19:00:00-05:00,98738,99078,37,29,5,2,19
2020-03-01 07:00:00-05:00,93916,93348,32,1,6,3,7
2020-03-02 07:00:00-05:00,96467,97803,44,2,0,3,7
2020-03-03 19:00:00-05:00,91499,91406,55,3,1,3,19
2020-03-04 07:00:00-05:00,92736,91145,46,4,2,3,7
2020-03-05 07:00:00-05:00,95256,96410,38,5,3,3,7
2020-03-06 18:00:00-05:00,97426,97796,46,6,4,3,18
2020-03-07 08:00:00-05:00,89326,89810,37,7,5,3,8
2020-03-08 08:00:00-04:00,87108,84671,32,8,6,3,8
2020-03-09 07:00:00-04:00,92954,89937,44,9,0,3,7
2020-03-10 20:00:00-04:00,87512,88072,60,10,1,3,20
2020-03-11 20:00:00-04:00,88617,89444,55,11,2,3,20
2020-03-12 08:00:00-04:00,90816,89528,48,12,3,3,8
2020-03-13 09:00:00-04:00,85939,85549,55,13,4,3,9
2020-03-14 20:00:00-04:00,84534,84413,51,14,5,3,20
2020-03-15 20:00:00-04:00,85473,88653,47,15,6,3,20
2020-03-16 08:00:00-04:00,94794,93004,39,16,0,3,8
2020-03-17 09:00:00-04:00,91400,91905,49,17,1,3,9
2020-03-18 08:00:00-04:00,89123,92464,41,18,2,3,8
2020-03-19 10:00:00-04:00,86279,86895,58,19,3,3,10
2020-03-20 19:00:00-04:00,83691,86369,68,20,4,3,19
2020-03-21 20:00:00-04:00,83322,85021,46,21,5,3,20
2020-03-22 20:00:00-04:00,84023,86823,50,22,6,3,20
2020-03-23 11:00:00-04:00,91963,92682,45,23,0,3,11
2020-03-24 08:00:00-04:00,87005,91912,46,24,1,3,8
2020-03-25 10:00:00-04:00,87498,89870,49,25,2,3,10
2020-03-26 08:00:00-04:00,84017,89655,44,26,3,3,8
2020-03-27 20:00:00-04:00,78122,81175,64,27,4,3,20
2020-03-28 19:00:00-04:00,78619,77288,63,28,5,3,19
2020-03-29 20:00:00-04:00,77850,78731,64,29,6,3,20
2020-03-30 20:00:00-04:00,81114,85352,55,30,0,3,20
2020-03-31 19:00:00-04:00,85673,88664,50,31,1,3,19
2020-04-01 09:00:00-04:00,84700,88328,46,1,2,4,9
2020-04-02 07:00:00-04:00,83057,87137,41,2,3,4,7
2020-04-03 08:00:00-04:00,80351,84599,46,3,4,4,8
2020-04-04 20:00:00-04:00,74066,75580,59,4,5,4,20
2020-04-05 20:00:00-04:00,74024,76227,63,5,6,4,20
2020-04-06 20:00:00-04:00,77352,82392,65,6,0,4,20
2020-04-07 20:00:00-04:00,78303,83227,67,7,1,4,20
2020-04-08 20:00:00-04:00,78104,83408,66,8,2,4,20
2020-04-09 20:00:00-04:00,78571,83555,55,9,3,4,20
2020-04-10 20:00:00-04:00,79807,83311,49,10,4,4,20
2020-04-11 20:00:00-04:00,73160,77084,57,11,5,4,20
2020-04-12 20:00:00-04:00,70815,75001,64,12,6,4,20
2020-04-13 12:00:00-04:00,79739,80501,63,13,0,4,12
2020-04-14 20:00:00-04:00,80855,84604,54,14,1,4,20
2020-04-15 08:00:00-04:00,84570,87000,43,15,2,4,8
2020-04-16 08:00:00-04:00,83255,88215,42,16,3,4,8
2020-04-17 08:00:00-04:00,83097,85953,41,17,4,4,8
2020-04-18 20:00:00-04:00,75651,76515,55,18,5,4,20
2020-04-19 20:00:00-04:00,72484,75222,57,19,6,4,20
2020-04-20 10:00:00-04:00,78031,80520,54,20,0,4,10
2020-04-21 20:00:00-04:00,78678,82858,54,21,1,4,20
2020-04-22 08:00:00-04:00,81888,83056,40,22,2,4,8
2020-04-23 09:00:00-04:00,78923,80844,51,23,3,4,9
2020-04-24 11:00:00-04:00,78400,78474,58,24,4,4,11
2020-04-25 20:00:00-04:00,72563,72498,63,25,5,4,20
2020-04-26 20:00:00-04:00,74988,74772,57,26,6,4,20
2020-04-27 09:00:00-04:00,80188,80555,50,27,0,4,9
2020-04-28 20:00:00-04:00,76632,81432,61,28,1,4,20
2020-04-29 20:00:00-04:00,77227,80320,65,29,2,4,20
2020-04-30 12:00:00-04:00,79331,79404,62,30,3,4,12
2020-05-01 10:00:00-04:00,75682,77971,60,1,4,5,10
2020-05-02 20:00:00-04:00,70762,72492,68,2,5,5,20
2020-05-03 20:00:00-04:00,74597,75116,71,3,6,5,20
2020-05-04 20:00:00-04:00,76150,79528,59,4,0,5,20
2020-05-05 20:00:00-04:00,77118,80517,55,5,1,5,20
2020-05-06 11:00:00-04:00,79138,80399,54,6,2,5,11
2020-05-07 08:00:00-04:00,76817,79056,48,7,3,5,8
2020-05-08 12:00:00-04:00,78685,79098,55,8,4,5,12
2020-05-09 21:00:00-04:00,76399,75011,50,9,5,5,21
2020-05-10 20:00:00-04:00,71183,74516,58,10,6,5,20
2020-05-11 11:00:00-04:00,80266,81043,54,11,0,5,11
2020-05-12 08:00:00-04:00,79321,81114,46,12,1,5,8
2020-05-13 08:00:00-04:00,77534,79830,49,13,2,5,8
2020-05-14 20:00:00-04:00,77699,78851,70,14,3,5,20
2020-05-15 17:00:00-04:00,85099,85627,80,15,4,5,17
2020-05-16 17:00:00-04:00,79969,79575,76,16,5,5,17
2020-05-17 18:00:00-04:00,76891,77481,76,17,6,5,18
2020-05-18 13:00:00-04:00,80650,81856,70,18,0,5,13
2020-05-19 13:00:00-04:00,77246,80212,66,19,1,5,13
2020-05-20 12:00:00-04:00,77266,78780,63,20,2,5,12
2020-05-21 17:00:00-04:00,76908,78045,67,21,3,5,17
2020-05-22 17:00:00-04:00,79615,79140,74,22,4,5,17
2020-05-23 18:00:00-04:00,82120,78701,76,23,5,5,18
2020-05-24 18:00:00-04:00,82917,77421,69,24,6,5,18
2020-05-25 17:00:00-04:00,90111,83319,79,25,0,5,17
2020-05-26 17:00:00-04:00,107919,101398,70,26,1,5,17
2020-05-27 16:00:00-04:00,105157,103441,83,27,2,5,16
2020-05-28 17:00:00-04:00,104374,103405,83,28,3,5,17
2020-05-29 14:00:00-04:00,103033,100593,80,29,4,5,14
2020-05-30 17:00:00-04:00,87390,86181,79,30,5,5,17
2020-05-31 18:00:00-04:00,76468,76437,72,31,6,5,18
2020-06-01 18:00:00-04:00,83084,84058,75,1,0,6,18
2020-06-02 18:00:00-04:00,101086,95918,78,2,1,6,18
2020-06-03 17:00:00-04:00,114658,117865,89,3,2,6,17
2020-06-04 17:00:00-04:00,118881,119868,80,4,3,6,17
2020-06-05 16:00:00-04:00,116733,117831,89,5,4,6,16
2020-06-06 17:00:00-04:00,112540,103633,85,6,5,6,17
2020-06-07 18:00:00-04:00,96988,94491,82,7,6,6,18
2020-06-08 17:00:00-04:00,111207,106588,85,8,0,6,17
2020-06-09 17:00:00-04:00,127153,123607,90,9,1,6,17
2020-06-10 15:00:00-04:00,130864,125336,90,10,2,6,15
2020-06-11 17:00:00-04:00,110577,112517,83,11,3,6,17
2020-06-12 17:00:00-04:00,108354,106147,82,12,4,6,17
2020-06-13 17:00:00-04:00,84721,83618,75,13,5,6,17
2020-06-14 18:00:00-04:00,81055,80889,74,14,6,6,18
2020-06-15 17:00:00-04:00,91717,90574,75,15,0,6,17
2020-06-16 17:00:00-04:00,98419,96494,78,16,1,6,17
2020-06-17 17:00:00-04:00,100159,101246,78,17,2,6,17
2020-06-18 17:00:00-04:00,108371,106987,83,18,3,6,17
2020-06-19 16:00:00-04:00,113666,110370,83,19,4,6,16
2020-06-20 17:00:00-04:00,108284,106650,86,20,5,6,17
2020-06-21 17:00:00-04:00,111414,112138,84,21,6,6,17
2020-06-22 16:00:00-04:00,124103,129467,88,22,0,6,16
2020-06-23 17:00:00-04:00,120438,131655,88,23,1,6,17
2020-06-24 17:00:00-04:00,112527,127739,82,24,2,6,17
2020-06-25 17:00:00-04:00,112328,117187,82,25,3,6,17
2020-06-26 16:00:00-04:00,115132,124678,86,26,4,6,16
2020-06-27 17:00:00-04:00,112685,118493,92,27,5,6,17
2020-06-28 17:00:00-04:00,118792,119432,92,28,6,6,17
2020-06-29 16:00:00-04:00,130406,131880,93,29,0,6,16
2020-06-30 17:00:00-04:00,126301,128314,88,30,1,6,17
2020-07-01 16:00:00-04:00,125286,127490,88,1,2,7,16
2020-07-02 17:00:00-04:00,132350,134947,95,2,3,7,17
2020-07-03 17:00:00-04:00,133871,129761,95,3,4,7,17
2020-07-04 16:00:00-04:00,124888,124249,95,4,5,7,16
2020-07-05 17:00:00-04:00,130611,130255,95,5,6,7,17
2020-07-06 14:00:00-04:00,141453,139747,95,6,0,7,14
2020-07-07 16:00:00-04:00,135680,138708,95,7,1,7,16
2020-07-08 16:00:00-04:00,138748,138370,95,8,2,7,16
2020-07-09 17:00:00-04:00,143473,136806,94,9,3,7,17
2020-07-10 15:00:00-04:00,127262,127195,90,10,4,7,15
2020-07-11 17:00:00-04:00,122179,121961,92,11,5,7,17
2020-07-12 17:00:00-04:00,116317,117571,83,12,6,7,17
2020-07-13 17:00:00-04:00,127720,123904,86,13,0,7,17
2020-07-14 17:00:00-04:00,130235,129370,92,14,1,7,17
2020-07-15 17:00:00-04:00,132559,134522,90,15,2,7,17
2020-07-16 17:00:00-04:00,127880,129526,90,16,3,7,17
2020-07-17 17:00:00-04:00,137386,134995,95,17,4,7,17
2020-07-18 17:00:00-04:00,138131,135702,95,18,5,7,17
2020-07-19 17:00:00-04:00,135634,139351,95,19,6,7,17
2020-07-20 16:00:00-04:00,144574,144842,86,20,0,7,16
2020-07-21 16:00:00-04:00,140999,140545,94,21,1,7,16
2020-07-22 15:00:00-04:00,136820,139599,93,22,2,7,15
2020-07-23 16:00:00-04:00,133764,133316,91,23,3,7,16
2020-07-24 16:00:00-04:00,127583,129097,93,24,4,7,16
2020-07-25 17:00:00-04:00,132434,127386,93,25,5,7,17
2020-07-26 17:00:00-04:00,139349,136530,95,26,6,7,17
2020-07-27 16:00:00-04:00,143756,145057,95,27,0,7,16
2020-07-28 17:00:00-04:00,140138,140819,92,28,1,7,17
2020-07-29 17:00:00-04:00,141047,141905,95,29,2,7,17
2020-07-30 15:00:00-04:00,134059,138711,91,30,3,7,15
2020-07-31 17:00:00-04:00,119944,119883,86,31,4,7,17
2020-08-01 17:00:00-04:00,116798,116079,86,1,5,8,17
2020-08-02 17:00:00-04:00,120682,120244,90,2,6,8,17
2020-08-03 15:00:00-04:00,122259,120507,86,3,0,8,15
2020-08-04 17:00:00-04:00,108224,108991,79,4,1,8,17
2020-08-05 17:00:00-04:00,116327,115250,84,5,2,8,17
2020-08-06 16:00:00-04:00,114903,112507,86,6,3,8,16
2020-08-07 16:00:00-04:00,117452,112105,86,7,4,8,16
2020-08-08 17:00:00-04:00,118135,113335,86,8,5,8,17
2020-08-09 17:00:00-04:00,129459,123921,94,9,6,8,17
2020-08-10 15:00:00-04:00,140714,138369,95,10,0,8,15
2020-08-11 17:00:00-04:00,138100,136244,93,11,1,8,17
2020-08-12 15:00:00-04:00,133593,135826,92,12,2,8,15
2020-08-13 17:00:00-04:00,128725,128405,88,13,3,8,17
2020-08-14 15:00:00-04:00,129150,126835,86,14,4,8,15
2020-08-15 16:00:00-04:00,108039,111110,86,15,5,8,16
2020-08-16 17:00:00-04:00,101507,103648,82,16,6,8,17
2020-08-17 16:00:00-04:00,118051,115906,86,17,0,8,16
2020-08-18 17:00:00-04:00,115793,115326,85,18,1,8,17
2020-08-19 17:00:00-04:00,113958,111837,84,19,2,8,17
2020-08-20 17:00:00-04:00,118071,114138,86,20,3,8,17
2020-08-21 17:00:00-04:00,121952,119590,86,21,4,8,17
2020-08-22 17:00:00-04:00,120539,117732,86,22,5,8,17
2020-08-23 17:00:00-04:00,124717,123986,91,23,6,8,17
2020-08-24 16:00:00-04:00,140518,137757,92,24,0,8,16
2020-08-25 16:00:00-04:00,138958,141975,94,25,1,8,16
2020-08-26 17:00:00-04:00,130025,136309,89,26,2,8,17
2020-08-27 16:00:00-04:00,141036,144638,93,27,3,8,16
2020-08-28 15:00:00-04:00,133232,137965,91,28,4,8,15
2020-08-29 17:00:00-04:00,114355,113611,86,29,5,8,17
2020-08-30 17:00:00-04:00,102187,102986,85,30,6,8,17
2020-08-31 17:00:00-04:00,105774,108204,81,31,0,8,17
2020-09-01 17:00:00-04:00,111677,111406,86,1,1,9,17
2020-09-02 16:00:00-04:00,124294,123273,87,2,2,9,16
2020-09-03 16:00:00-04:00,126707,129450,91,3,3,9,16
2020-09-04 16:00:00-04:00,116910,114290,85,4,4,9,16
2020-09-05 17:00:00-04:00,97864,97158,86,5,5,9,17
2020-09-06 17:00:00-04:00,97581,100715,86,6,6,9,17
2020-09-07 17:00:00-04:00,103400,105462,87,7,0,9,17
2020-09-08 16:00:00-04:00,119869,119863,90,8,1,9,16
2020-09-09 16:00:00-04:00,115420,116285,88,9,2,9,16
2020-09-10 16:00:00-04:00,115849,112844,86,10,3,9,16
2020-09-11 14:00:00-04:00,102315,103557,83,11,4,9,14
2020-09-12 17:00:00-04:00,93750,93483,82,12,5,9,17
2020-09-13 17:00:00-04:00,97578,97502,85,13,6,9,17
2020-09-14 15:00:00-04:00,98522,102219,83,14,0,9,15
2020-09-15 17:00:00-04:00,87680,93345,78,15,1,9,17
2020-09-16 17:00:00-04:00,91607,96268,81,16,2,9,17
2020-09-17 16:00:00-04:00,90401,93437,83,17,3,9,16
2020-09-18 13:00:00-04:00,84595,85799,74,18,4,9,13
2020-09-19 20:00:00-04:00,73992,75061,67,19,5,9,20
2020-09-20 20:00:00-04:00,75792,76539,64,20,6,9,20
2020-09-21 19:00:00-04:00,82770,83794,70,21,0,9,19
2020-09-22 19:00:00-04:00,84425,84733,72,22,1,9,19
2020-09-23 17:00:00-04:00,89755,90895,83,23,2,9,17
2020-09-24 17:00:00-04:00,88627,93952,78,24,3,9,17
2020-09-25 16:00:00-04:00,90277,92546,76,25,4,9,16
2020-09-26 19:00:00-04:00,85252,88883,75,26,5,9,19
2020-09-27 19:00:00-04:00,89257,91838,75,27,6,9,19
2020-09-28 16:00:00-04:00,98353,100041,79,28,0,9,16
2020-09-29 14:00:00-04:00,90760,92549,71,29,1,9,14
2020-09-30 19:00:00-04:00,84183,85609,67,30,2,9,19
2020-10-01 19:00:00-04:00,84364,85566,64,1,3,10,19
2020-10-02 10:00:00-04:00,80489,80378,55,2,4,10,10
2020-10-03 19:00:00-04:00,75128,74723,63,3,5,10,19
2020-10-04 19:00:00-04:00,77097,76152,63,4,6,10,19
2020-10-05 19:00:00-04:00,83692,83911,63,5,0,10,19
2020-10-06 19:00:00-04:00,84553,83908,66,6,1,10,19
2020-10-07 19:00:00-04:00,87961,87033,73,7,2,10,19
2020-10-08 19:00:00-04:00,84058,85127,66,8,3,10,19
2020-10-09 19:00:00-04:00,82359,82884,68,9,4,10,19
2020-10-10 19:00:00-04:00,79090,81146,74,10,5,10,19
2020-10-11 19:00:00-04:00,79586,82633,68,11,6,10,19
2020-10-12 19:00:00-04:00,86971,88441,63,12,0,10,19
2020-10-13 19:00:00-04:00,84749,85644,66,13,1,10,19
2020-10-14 19:00:00-04:00,85127,84596,68,14,2,10,19
2020-10-15 19:00:00-04:00,85653,85261,64,15,3,10,19
2020-10-16 10:00:00-04:00,83026,81645,53,16,4,10,10
2020-10-17 19:00:00-04:00,76865,75441,56,17,5,10,19
2020-10-18 19:00:00-04:00,78598,76547,57,18,6,10,19
2020-10-19 19:00:00-04:00,86000,84751,62,19,0,10,19
2020-10-20 19:00:00-04:00,87216,85691,64,20,1,10,19
2020-10-21 19:00:00-04:00,88755,89004,71,21,2,10,19
2020-10-22 19:00:00-04:00,90819,91077,72,22,3,10,19
2020-10-23 14:00:00-04:00,87527,87128,72,23,4,10,14
2020-10-24 19:00:00-04:00,79214,79000,59,24,5,10,19
2020-10-25 19:00:00-04:00,81204,81731,54,25,6,10,19
2020-10-26 18:00:00-04:00,87925,86156,61,26,0,10,18
2020-10-27 19:00:00-04:00,87249,86328,54,27,1,10,19
2020-10-28 18:00:00-04:00,87184,85086,62,28,2,10,18
2020-10-29 18:00:00-04:00,89195,86849,55,29,3,10,18
2020-10-30 10:00:00-04:00,87368,85530,49,30,4,10,10
2020-10-31 09:00:00-04:00,82372,81790,41,31,5,10,9
2020-11-01 18:00:00-05:00,85467,84021,51,1,6,11,18
2020-11-02 18:00:00-05:00,96498,93668,47,2,0,11,18
2020-11-03 07:00:00-05:00,90709,92353,45,3,1,11,7
2020-11-04 07:00:00-05:00,88523,88535,48,4,2,11,7
2020-11-05 18:00:00-05:00,86097,86539,57,5,3,11,18
2020-11-06 18:00:00-05:00,83699,83058,64,6,4,11,18
2020-11-07 18:00:00-05:00,78284,77752,64,7,5,11,18
2020-11-08 18:00:00-05:00,80323,79427,65,8,6,11,18
2020-11-09 18:00:00-05:00,88985,87792,65,9,0,11,18
2020-11-10 18:00:00-05:00,89819,90122,65,10,1,11,18
2020-11-11 18:00:00-05:00,89676,89933,63,11,2,11,18
2020-11-12 18:00:00-05:00,88821,87436,56,12,3,11,18
2020-11-13 18:00:00-05:00,87430,85860,54,13,4,11,18
2020-11-14 18:00:00-05:00,84049,82451,50,14,5,11,18
2020-11-15 18:00:00-05:00,83838,83490,54,15,6,11,18
2020-11-16 18:00:00-05:00,92195,92132,49,16,0,11,18
2020-11-17 18:00:00-05:00,98750,94705,46,17,1,11,18
2020-11-18 18:00:00-05:00,100144,97404,42,18,2,11,18
2020-11-19 07:00:00-05:00,99856,98288,36,19,3,11,7
2020-11-20 07:00:00-05:00,89038,88900,43,20,4,11,7
2020-11-21 18:00:00-05:00,83029,81786,54,21,5,11,18
2020-11-22 18:00:00-05:00,85501,84579,54,22,6,11,18
2020-11-23 18:00:00-05:00,94705,95015,47,23,0,11,18
2020-11-24 18:00:00-05:00,95176,95941,49,24,1,11,18
2020-11-25 17:00:00-05:00,90443,92084,57,25,2,11,17
2020-11-26 11:00:00-05:00,79207,78768,61,26,3,11,11
2020-11-27 18:00:00-05:00,81827,81231,54,27,4,11,18
2020-11-28 18:00:00-05:00,83852,83708,48,28,5,11,18
2020-11-29 18:00:00-05:00,86496,85206,49,29,6,11,18
2020-11-30 17:00:00-05:00,97907,94406,56,30,0,11,17
2020-12-01 18:00:00-05:00,105655,100291,43,1,1,12,18
2020-12-02 18:00:00-05:00,103573,98517,45,2,2,12,18
2020-12-03 07:00:00-05:00,103234,101381,36,3,3,12,7
2020-12-04 17:00:00-05:00,95836,94125,49,4,4,12,17
2020-12-05 18:00:00-05:00,95438,92639,45,5,5,12,18
2020-12-06 18:00:00-05:00,97974,95301,40,6,6,12,18
2020-12-07 18:00:00-05:00,109393,104853,39,7,0,12,18
2020-12-08 18:00:00-05:00,108653,104439,40,8,1,12,18
2020-12-09 08:00:00-05:00,105192,102392,39,9,2,12,8
2020-12-10 08:00:00-05:00,101876,100128,38,10,3,12,8
2020-12-11 08:00:00-05:00,97654,96155,41,11,4,12,8
2020-12-12 18:00:00-05:00,88109,87002,57,12,5,12,18
2020-12-13 18:00:00-05:00,90562,89961,52,13,6,12,18
2020-12-14 18:00:00-05:00,107686,104873,41,14,0,12,18
2020-12-15 18:00:00-05:00,109334,108287,38,15,1,12,18
2020-12-16 17:00:00-05:00,114443,109528,40,16,2,12,17
2020-12-17 18:00:00-05:00,111017,110341,38,17,3,12,18
2020-12-18 18:00:00-05:00,109305,107184,35,18,4,12,18
2020-12-19 18:00:00-05:00,103003,100279,37,19,5,12,18
2020-12-20 18:00:00-05:00,99749,99554,41,20,6,12,18
2020-12-21 18:00:00-05:00,103686,104726,42,21,0,12,18
2020-12-22 18:00:00-05:00,102743,105001,41,22,1,12,18
2020-12-23 08:00:00-05:00,102556,102770,36,23,2,12,8
2020-12-24 17:00:00-05:00,93575,92571,50,24,3,12,17
2020-12-25 18:00:00-05:00,102772,98783,37,25,4,12,18
2020-12-26 18:00:00-05:00,105423,104283,33,26,5,12,18
2020-12-27 18:00:00-05:00,99626,99664,43,27,6,12,18
2020-12-28 18:00:00-05:00,101141,105510,44,28,0,12,18
2020-12-29 18:00:00-05:00,107056,110809,38,29,1,12,18
2020-12-30 08:00:00-05:00,101455,107241,35,30,2,12,8
2020-12-31 17:00:00-05:00,97198,103993,46,31,3,12,17
2021-01-01 17:00:00-05:00,97461,97946,44,1,4,1,17
2021-01-02 18:00:00-05:00,90839,91123,46,2,5,1,18
2021-01-03 18:00:00-05:00,97077,96892,41,3,6,1,18
2021-01-04 18:00:00-05:00,103742,103901,41,4,0,1,18
2021-01-05 18:00:00-05:00,105136,104887,41,5,1,1,18
2021-01-06 18:00:00-05:00,106016,105384,41,6,2,1,18
2021-01-07 18:00:00-05:00,105152,104843,40,7,3,1,18
2021-01-08 18:00:00-05:00,106137,104073,39,8,4,1,18
2021-01-09 18:00:00-05:00,99356,97796,39,9,5,1,18
2021-01-10 19:00:00-05:00,98658,97443,38,10,6,1,19
2021-01-11 08:00:00-05:00,109135,104300,32,11,0,1,8
2021-01-12 08:00:00-05:00,109251,105634,32,12,1,1,8
2021-01-13 08:00:00-05:00,108147,105811,32,13,2,1,8
2021-01-14 08:00:00-05:00,103678,102590,40,14,3,1,8
2021-01-15 08:00:00-05:00,101279,100975,41,15,4,1,8
2021-01-16 18:00:00-05:00,97797,96961,40,16,5,1,18
2021-01-17 18:00:00-05:00,96461,97840,45,17,6,1,18
2021-01-18 18:00:00-05:00,105942,106863,37,18,0,1,18
2021-01-19 08:00:00-05:00,105830,105783,33,19,1,1,8
2021-01-20 18:00:00-05:00,107957,110447,37,20,2,1,18
2021-01-21 08:00:00-05:00,107474,107837,33,21,3,1,8
2021-01-22 08:00:00-05:00,102903,103728,37,22,4,1,8
2021-01-23 18:00:00-05:00,104617,103404,33,23,5,1,18
2021-01-24 18:00:00-05:00,102962,101867,39,24,6,1,18
2021-01-25 18:00:00-05:00,108689,107816,41,25,0,1,18
2021-01-26 18:00:00-05:00,105255,103340,43,26,1,1,18
2021-01-27 18:00:00-05:00,107603,106805,38,27,2,1,18
2021-01-28 18:00:00-05:00,116129,113753,32,28,3,1,18
2021-01-29 08:00:00-05:00,117383,113721,32,29,4,1,8
2021-01-30 08:00:00-05:00,106864,107243,32,30,5,1,8
2021-01-31 18:00:00-05:00,107800,104669,35,31,6,1,18
2021-02-01 18:00:00-05:00,113695,112483,37,1,0,2,18
2021-02-02 18:00:00-05:00,112850,113167,37,2,1,2,18
2021-02-03 08:00:00-05:00,111544,111754,32,3,2,2,8
2021-02-04 07:00:00-05:00,112760,113704,32,4,3,2,7
2021-02-05 08:00:00-05:00,104625,105246,37,5,4,2,8
2021-02-06 19:00:00-05:00,98837,99519,38,6,5,2,19
2021-02-07 18:00:00-05:00,106570,106044,37,7,6,2,18
2021-02-08 08:00:00-05:00,116686,116366,32,8,0,2,8
2021-02-09 08:00:00-05:00,110441,112269,32,9,1,2,8
2021-02-10 18:00:00-05:00,111569,112830,37,10,2,2,18
2021-02-11 18:00:00-05:00,114420,113442,37,11,3,2,18
2021-02-12 09:00:00-05:00,114063,114037,32,12,4,2,9
2021-02-13 18:00:00-05:00,109007,108269,32,13,5,2,18
2021-02-14 18:00:00-05:00,106572,105895,37,14,6,2,18
2021-02-15 18:00:00-05:00,113485,113599,37,15,0,2,18
2021-02-16 19:00:00-05:00,110619,109828,37,16,1,2,19
2021-02-17 07:00:00-05:00,115912,117222,32,17,2,2,7
2021-02-18 10:00:00-05:00,114785,114069,32,18,3,2,10
2021-02-19 09:00:00-05:00,113403,110406,32,19,4,2,9
2021-02-20 19:00:00-05:00,108539,106610,32,20,5,2,19
2021-02-21 07:00:00-05:00,105194,101888,32,21,6,2,7
2021-02-22 10:00:00-05:00,109461,104946,40,22,0,2,10
2021-02-23 07:00:00-05:00,103877,101653,40,23,1,2,7
2021-02-24 07:00:00-05:00,100115,99683,41,24,2,2,7
2021-02-25 19:00:00-05:00,95428,100116,41,25,3,2,19
2021-02-26 07:00:00-05:00,99301,102874,33,26,4,2,7
2021-02-27 09:00:00-05:00,89267,88251,49,27,5,2,9
2021-02-28 18:00:00-05:00,89317,87905,54,28,6,2,18
2021-03-01 19:00:00-05:00,100488,98092,45,1,0,3,19
2021-03-02 07:00:00-05:00,106503,107063,32,2,1,3,7
2021-03-03 07:00:00-05:00,104334,105523,32,3,2,3,7
2021-03-04 19:00:00-05:00,99796,101032,41,4,3,3,19
2021-03-05 07:00:00-05:00,106172,106134,32,5,4,3,7
2021-03-06 19:00:00-05:00,93805,95018,40,6,5,3,19
2021-03-07 19:00:00-05:00,93532,95282,41,7,6,3,19
2021-03-08 07:00:00-05:00,105879,104412,33,8,0,3,7
2021-03-09 07:00:00-05:00,95020,96199,41,9,1,3,7
2021-03-10 07:00:00-05:00,89239,89274,44,10,2,3,7
2021-03-11 19:00:00-05:00,85739,87135,66,11,3,3,19
2021-03-12 19:00:00-05:00,83159,84406,57,12,4,3,19
2021-03-13 19:00:00-05:00,81983,83417,49,13,5,3,19
2021-03-14 20:00:00-04:00,85079,84525,49,14,6,3,20
2021-03-15 08:00:00-04:00,100265,97865,33,15,0,3,8
2021-03-16 09:00:00-04:00,98002,96806,39,16,1,3,9
2021-03-17 08:00:00-04:00,94888,93756,41,17,2,3,8
2021-03-18 11:00:00-04:00,93444,88426,51,18,3,3,11
2021-03-19 08:00:00-04:00,97262,92899,38,19,4,3,8
2021-03-20 08:00:00-04:00,90821,89458,32,20,5,3,8
2021-03-21 08:00:00-04:00,82798,81750,39,21,6,3,8
2021-03-22 07:00:00-04:00,92059,89893,41,22,0,3,7
2021-03-23 08:00:00-04:00,87804,87547,49,23,1,3,8
2021-03-24 10:00:00-04:00,85018,85336,58,24,2,3,10
2021-03-25 20:00:00-04:00,83432,85827,66,25,3,3,20
2021-03-26 10:00:00-04:00,83144,85292,62,26,4,3,10
2021-03-27 20:00:00-04:00,75277,77789,69,27,5,3,20
2021-03-28 20:00:00-04:00,80459,80434,60,28,6,3,20
2021-03-29 08:00:00-04:00,89823,88486,39,29,0,3,8
2021-03-30 07:00:00-04:00,89406,89947,43,30,1,3,7
2021-03-31 20:00:00-04:00,85524,85772,59,31,2,3,20
2021-04-01 20:00:00-04:00,94497,94075,45,1,3,4,20
2021-04-02 07:00:00-04:00,96072,101351,32,2,4,4,7
2021-04-03 07:00:00-04:00,87902,91010,32,3,5,4,7
2021-04-04 08:00:00-04:00,74783,77878,42,4,6,4,8
2021-04-05 20:00:00-04:00,82553,83133,68,5,0,4,20
2021-04-06 20:00:00-04:00,84286,84467,70,6,1,4,20
2021-04-07 20:00:00-04:00,85882,87948,71,7,2,4,20
2021-04-08 20:00:00-04:00,82648,85684,69,8,3,4,20
2021-04-09 13:00:00-04:00,81697,82614,68,9,4,4,13
2021-04-10 20:00:00-04:00,76946,78304,68,10,5,4,20
2021-04-11 20:00:00-04:00,78646,79609,64,11,6,4,20
2021-04-12 12:00:00-04:00,83041,82459,59,12,0,4,12
2021-04-13 08:00:00-04:00,82013,82999,50,13,1,4,8
2021-04-14 20:00:00-04:00,82346,82467,66,14,2,4,20
2021-04-15 20:00:00-04:00,84076,83148,58,15,3,4,20
2021-04-16 08:00:00-04:00,85241,85199,49,16,4,4,8
2021-04-17 20:00:00-04:00,75937,76527,60,17,5,4,20
2021-04-18 20:00:00-04:00,76140,76781,66,18,6,4,20
2021-04-19 08:00:00-04:00,82192,82613,57,19,0,4,8
2021-04-20 20:00:00-04:00,83679,83661,64,20,1,4,20
2021-04-21 20:00:00-04:00,87727,86625,50,21,2,4,20
2021-04-22 07:00:00-04:00,92122,91867,41,22,3,4,7
2021-04-23 07:00:00-04:00,90386,89047,44,23,4,4,7
2021-04-24 20:00:00-04:00,76477,75795,61,24,5,4,20
2021-04-25 20:00:00-04:00,76697,77271,65,25,6,4,20
2021-04-26 08:00:00-04:00,83776,83125,50,26,0,4,8
2021-04-27 18:00:00-04:00,88730,86895,81,27,1,4,18
2021-04-28 17:00:00-04:00,94347,98220,82,28,2,4,17
2021-04-29 14:00:00-04:00,91549,93750,75,29,3,4,14
2021-04-30 11:00:00-04:00,80694,83166,67,30,4,4,11
2021-05-01 20:00:00-04:00,74631,75111,70,1,5,5,20
2021-05-02 20:00:00-04:00,84089,82775,78,2,6,5,20
2021-05-03 17:00:00-04:00,87677,89528,78,3,0,5,17
2021-05-04 16:00:00-04:00,93035,97691,83,4,1,5,16
2021-05-05 13:00:00-04:00,86506,85936,72,5,2,5,13
2021-05-06 20:00:00-04:00,80860,81846,66,6,3,5,20
2021-05-07 09:00:00-04:00,79969,81564,57,7,4,5,9
2021-05-08 21:00:00-04:00,74582,75580,59,8,5,5,21
2021-05-09 20:00:00-04:00,77330,77767,60,9,6,5,20
2021-05-10 09:00:00-04:00,83278,81993,58,10,0,5,9
2021-05-11 20:00:00-04:00,81215,82352,60,11,1,5,20
2021-05-12 08:00:00-04:00,81357,82136,51,12,2,5,8
2021-05-13 08:00:00-04:00,80962,80719,57,13,3,5,8
2021-05-14 13:00:00-04:00,79989,78309,74,14,4,5,13
2021-05-15 20:00:00-04:00,75021,74974,69,15,5,5,20
2021-05-16 20:00:00-04:00,76388,76782,70,16,6,5,20
2021-05-17 17:00:00-04:00,85224,84982,77,17,0,5,17
2021-05-18 17:00:00-04:00,92610,90114,83,18,1,5,17
2021-05-19 17:00:00-04:00,104836,101601,86,19,2,5,17
2021-05-20 17:00:00-04:00,109863,109288,86,20,3,5,17
2021-05-21 17:00:00-04:00,109778,109516,87,21,4,5,17
2021-05-22 17:00:00-04:00,106684,111327,91,22,5,5,17
2021-05-23 17:00:00-04:00,115233,115139,92,23,6,5,17
2021-05-24 17:00:00-04:00,103288,105872,77,24,0,5,17
2021-05-25 17:00:00-04:00,111698,108318,83,25,1,5,17
2021-05-26 16:00:00-04:00,119678,114800,91,26,2,5,16
2021-05-27 17:00:00-04:00,107419,104772,84,27,3,5,17
2021-05-28 13:00:00-04:00,90655,90323,77,28,4,5,13
2021-05-29 11:00:00-04:00,74944,74824,68,29,5,5,11
2021-05-30 21:00:00-04:00,72242,76361,63,30,6,5,21
2021-05-31 20:00:00-04:00,76165,76639,77,31,0,5,20
2021-06-01 17:00:00-04:00,91721,90407,78,1,1,6,17
2021-06-02 17:00:00-04:00,94572,92280,76,2,2,6,17
2021-06-03 17:00:00-04:00,101047,96367,79,3,3,6,17
2021-06-04 17:00:00-04:00,111026,102254,82,4,4,6,17
2021-06-05 17:00:00-04:00,120598,113394,92,5,5,6,17
2021-06-06 17:00:00-04:00,125458,123377,93,6,6,6,17
2021-06-07 16:00:00-04:00,131752,129665,90,7,0,6,16
2021-06-08 15:00:00-04:00,131285,127133,87,8,1,6,15
2021-06-09 16:00:00-04:00,128190,124921,85,9,2,6,16
2021-06-10 15:00:00-04:00,125541,115856,86,10,3,6,15
2021-06-11 14:00:00-04:00,109695,108310,77,11,4,6,14
2021-06-12 17:00:00-04:00,104033,103836,82,12,5,6,17
2021-06-13 17:00:00-04:00,107581,106272,88,13,6,6,17
2021-06-14 17:00:00-04:00,119891,116839,86,14,0,6,17
2021-06-15 17:00:00-04:00,108750,107853,85,15,1,6,17
2021-06-16 17:00:00-04:00,104244,102825,81,16,2,6,17
2021-06-17 18:00:00-04:00,109192,106451,82,17,3,6,18
2021-06-18 17:00:00-04:00,116323,117539,89,18,4,6,17
2021-06-19 16:00:00-04:00,112218,115858,87,19,5,6,16
2021-06-20 17:00:00-04:00,121473,121497,88,20,6,6,17
2021-06-21 15:00:00-04:00,127806,126241,89,21,0,6,15
2021-06-22 11:00:00-04:00,95534,96158,73,22,1,6,11
2021-06-23 18:00:00-04:00,97367,96349,79,23,2,6,18
2021-06-24 17:00:00-04:00,105883,104952,86,24,3,6,17
2021-06-25 17:00:00-04:00,110079,109845,86,25,4,6,17
2021-06-26 17:00:00-04:00,117624,115662,88,26,5,6,17
2021-06-27 17:00:00-04:00,128348,126076,95,27,6,6,17
2021-06-28 17:00:00-04:00,141071,139468,93,28,0,6,17
2021-06-29 16:00:00-04:00,146845,145333,95,29,1,6,16
2021-06-30 16:00:00-04:00,138945,144306,91,30,2,6,16
2021-07-01 13:00:00-04:00,118330,123892,83,1,3,7,13
2021-07-02 17:00:00-04:00,103247,103950,83,2,4,7,17
2021-07-03 17:00:00-04:00,95198,97072,81,3,5,7,17
2021-07-04 17:00:00-04:00,109543,111602,89,4,6,7,17
2021-07-05 17:00:00-04:00,130797,126576,95,5,0,7,17
2021-07-06 16:00:00-04:00,146037,145591,95,6,1,7,16
2021-07-07 14:00:00-04:00,142689,142562,92,7,2,7,14
2021-07-08 14:00:00-04:00,121140,126010,89,8,3,7,14
2021-07-09 16:00:00-04:00,120191,119423,90,9,4,7,16
2021-07-10 17:00:00-04:00,106533,104120,84,10,5,7,17
2021-07-11 17:00:00-04:00,111704,110061,86,11,6,7,17
2021-07-12 15:00:00-04:00,132005,127727,91,12,0,7,15
2021-07-13 17:00:00-04:00,128811,131691,91,13,1,7,17
2021-07-14 16:00:00-04:00,135901,134398,91,14,2,7,16
2021-07-15 16:00:00-04:00,138030,138380,94,15,3,7,16
2021-07-16 15:00:00-04:00,134192,134274,91,16,4,7,15
2021-07-17 14:00:00-04:00,122296,120828,90,17,5,7,14
2021-07-18 17:00:00-04:00,112756,113945,86,18,6,7,17
2021-07-19 17:00:00-04:00,128547,128090,86,19,0,7,17
2021-07-20 17:00:00-04:00,135824,136337,92,20,1,7,17
2021-07-21 15:00:00-04:00,121557,128277,86,21,2,7,15
2021-07-22 17:00:00-04:00,118496,118869,85,22,3,7,17
2021-07-23 17:00:00-04:00,121243,120617,87,23,4,7,17
2021-07-24 16:00:00-04:00,120119,119548,88,24,5,7,16
2021-07-25 17:00:00-04:00,129115,127068,92,25,6,7,17
2021-07-26 16:00:00-04:00,139646,140864,94,26,0,7,16
2021-07-27 17:00:00-04:00,140428,141794,94,27,1,7,17
2021-07-28 17:00:00-04:00,137243,140257,89,28,2,7,17
2021-07-29 15:00:00-04:00,129731,128111,87,29,3,7,15
2021-07-30 16:00:00-04:00,122406,115041,85,30,4,7,16
2021-07-31 17:00:00-04:00,104057,99002,85,31,5,7,17
2021-08-01 17:00:00-04:00,100011,98162,80,1,6,8,17
2021-08-02 17:00:00-04:00,110197,109032,84,2,0,8,17
2021-08-03 17:00:00-04:00,109447,108986,86,3,1,8,17
2021-08-04 17:00:00-04:00,112471,112158,86,4,2,8,17
2021-08-05 17:00:00-04:00,124066,121610,86,5,3,8,17
2021-08-06 16:00:00-04:00,130604,128106,93,6,4,8,16
2021-08-07 16:00:00-04:00,114247,116948,87,7,5,8,16
2021-08-08 17:00:00-04:00,122489,122965,90,8,6,8,17
2021-08-09 16:00:00-04:00,132987,135069,93,9,0,8,16
2021-08-10 16:00:00-04:00,139599,141846,94,10,1,8,16
2021-08-11 16:00:00-04:00,141101,146688,95,11,2,8,16
2021-08-12 16:00:00-04:00,148210,151388,95,12,3,8,16
2021-08-13 15:00:00-04:00,141843,141963,93,13,4,8,15
2021-08-14 16:00:00-04:00,124404,119837,86,14,5,8,16
2021-08-15 17:00:00-04:00,108047,108514,85,15,6,8,17
2021-08-16 17:00:00-04:00,116968,118254,84,16,0,8,17
2021-08-17 16:00:00-04:00,124866,122068,86,17,1,8,16
2021-08-18 17:00:00-04:00,132269,125005,86,18,2,8,17
2021-08-19 16:00:00-04:00,135078,133662,91,19,3,8,16
2021-08-20 17:00:00-04:00,129091,122020,86,20,4,8,17
2021-08-21 17:00:00-04:00,122592,119013,88,21,5,8,17
2021-08-22 17:00:00-04:00,119376,120001,89,22,6,8,17
2021-08-23 17:00:00-04:00,140625,136503,89,23,0,8,17
2021-08-24 17:00:00-04:00,148750,144397,95,24,1,8,17
2021-08-25 16:00:00-04:00,143903,149162,95,25,2,8,16
2021-08-26 15:00:00-04:00,145831,144172,95,26,3,8,15
2021-08-27 14:00:00-04:00,145333,142556,93,27,4,8,14
2021-08-28 16:00:00-04:00,129166,129683,90,28,5,8,16
2021-08-29 17:00:00-04:00,121421,127705,88,29,6,8,17
2021-08-30 16:00:00-04:00,136298,136318,87,30,0,8,16
2021-08-31 15:00:00-04:00,122328,124840,84,31,1,8,15
2021-09-01 17:00:00-04:00,111762,110328,78,1,2,9,17
2021-09-02 17:00:00-04:00,105233,104352,78,2,3,9,17
2021-09-03 17:00:00-04:00,97710,97308,78,3,4,9,17
2021-09-04 17:00:00-04:00,95615,94439,83,4,5,9,17
2021-09-05 17:00:00-04:00,94814,98848,79,5,6,9,17
2021-09-06 17:00:00-04:00,106684,103804,85,6,0,9,17
2021-09-07 17:00:00-04:00,118486,120615,86,7,1,9,17
2021-09-08 16:00:00-04:00,118913,117215,85,8,2,9,16
2021-09-09 17:00:00-04:00,101000,102804,77,9,3,9,17
2021-09-10 17:00:00-04:00,98630,98031,79,10,4,9,17
2021-09-11 17:00:00-04:00,98312,98246,86,11,5,9,17
2021-09-12 17:00:00-04:00,114455,115345,88,12,6,9,17
2021-09-13 16:00:00-04:00,131268,133400,93,13,0,9,16
2021-09-14 16:00:00-04:00,132418,135714,93,14,1,9,16
2021-09-15 16:00:00-04:00,121093,124556,88,15,2,9,16
2021-09-16 16:00:00-04:00,113635,115780,86,16,3,9,16
2021-09-17 16:00:00-04:00,118725,115447,87,17,4,9,16
2021-09-18 16:00:00-04:00,117124,110887,86,18,5,9,16
2021-09-19 17:00:00-04:00,111536,109044,87,19,6,9,17
2021-09-20 17:00:00-04:00,110484,111062,81,20,0,9,17
2021-09-21 16:00:00-04:00,102322,105461,84,21,1,9,16
2021-09-22 14:00:00-04:00,102832,102427,79,22,2,9,14
2021-09-23 13:00:00-04:00,93279,93055,72,23,3,9,13
2021-09-24 17:00:00-04:00,89386,88375,78,24,4,9,17
2021-09-25 17:00:00-04:00,80280,80965,75,25,5,9,17
2021-09-26 19:00:00-04:00,83404,82666,72,26,6,9,19
2021-09-27 17:00:00-04:00,101766,102531,86,27,0,9,17
2021-09-28 17:00:00-04:00,100566,103896,80,28,1,9,17
2021-09-29 17:00:00-04:00,95495,96050,80,29,2,9,17
2021-09-30 17:00:00-04:00,91996,94166,74,30,3,9,17
2021-10-01 17:00:00-04:00,90925,89920,74,1,4,10,17
2021-10-02 17:00:00-04:00,86085,85707,81,2,5,10,17
2021-10-03 19:00:00-04:00,93617,89819,78,3,6,10,19
2021-10-04 16:00:00-04:00,102951,99586,78,4,0,10,16
2021-10-05 16:00:00-04:00,99054,100784,80,5,1,10,16
2021-10-06 19:00:00-04:00,96851,96948,78,6,2,10,19
2021-10-07 16:00:00-04:00,97852,99228,78,7,3,10,16
2021-10-08 15:00:00-04:00,97176,96848,83,8,4,10,15
2021-10-09 16:00:00-04:00,87445,88354,80,9,5,10,16
2021-10-10 19:00:00-04:00,90020,92474,75,10,6,10,19
2021-10-11 16:00:00-04:00,96127,101501,81,11,0,10,16
2021-10-12 19:00:00-04:00,93258,95635,77,12,1,10,19
2021-10-13 19:00:00-04:00,93690,96917,78,13,2,10,19
2021-10-14 16:00:00-04:00,99184,101346,85,14,3,10,16
2021-10-15 16:00:00-04:00,98903,101391,80,15,4,10,16
2021-10-16 13:00:00-04:00,82346,81223,68,16,5,10,13
2021-10-17 19:00:00-04:00,78125,79169,59,17,6,10,19
2021-10-18 19:00:00-04:00,85644,85282,57,18,0,10,19
2021-10-19 19:00:00-04:00,86014,85060,66,19,1,10,19
2021-10-20 19:00:00-04:00,86959,86098,67,20,2,10,19
2021-10-21 19:00:00-04:00,86695,87592,71,21,3,10,19
2021-10-22 19:00:00-04:00,82763,82810,63,22,4,10,19
2021-10-23 19:00:00-04:00,76992,77604,58,23,5,10,19
2021-10-24 19:00:00-04:00,80899,79306,60,24,6,10,19
2021-10-25 18:00:00-04:00,88663,88308,69,25,0,10,18
2021-10-26 19:00:00-04:00,86948,86691,55,26,1,10,19
2021-10-27 19:00:00-04:00,86722,85986,63,27,2,10,19
2021-10-28 19:00:00-04:00,85870,85088,59,28,3,10,19
2021-10-29 18:00:00-04:00,84868,82804,58,29,4,10,18
2021-10-30 19:00:00-04:00,77614,78815,62,30,5,10,19
2021-10-31 19:00:00-04:00,77089,79900,58,31,6,10,19
2021-11-01 19:00:00-04:00,87103,87670,54,1,0,11,19
2021-11-02 19:00:00-04:00,91560,90994,49,2,1,11,19
2021-11-03 08:00:00-04:00,95711,94712,37,3,2,11,8
2021-11-04 08:00:00-04:00,97829,96356,37,4,3,11,8
2021-11-05 08:00:00-04:00,99749,96568,37,5,4,11,8
2021-11-06 08:00:00-04:00,90354,86841,37,6,5,11,8
2021-11-07 18:00:00-05:00,84731,81757,52,7,6,11,18
2021-11-08 07:00:00-05:00,91399,90528,41,8,0,11,7
2021-11-09 18:00:00-05:00,88336,87386,59,9,1,11,18
2021-11-10 18:00:00-05:00,87890,87038,59,10,2,11,18
2021-11-11 18:00:00-05:00,88723,86693,59,11,3,11,18
2021-11-12 17:00:00-05:00,87678,83909,61,12,4,11,17
2021-11-13 18:00:00-05:00,88493,86483,46,13,5,11,18
2021-11-14 18:00:00-05:00,91961,90169,46,14,6,11,18
2021-11-15 18:00:00-05:00,100013,98185,46,15,0,11,18
2021-11-16 07:00:00-05:00,97968,100223,39,16,1,11,7
2021-11-17 07:00:00-05:00,92742,93493,47,17,2,11,7
2021-11-18 18:00:00-05:00,93314,91027,57,18,3,11,18
2021-11-19 18:00:00-05:00,97594,94803,46,19,4,11,18
2021-11-20 08:00:00-05:00,92414,91553,38,20,5,11,8
2021-11-21 18:00:00-05:00,89556,88562,54,21,6,11,18
2021-11-22 18:00:00-05:00,100538,101161,44,22,0,11,18
2021-11-23 07:00:00-05:00,104611,105175,32,23,1,11,7
2021-11-24 07:00:00-05:00,104458,107260,32,24,2,11,7
2021-11-25 10:00:00-05:00,85837,89023,49,25,3,11,10
2021-11-26 18:00:00-05:00,95799,93784,37,26,4,11,18
2021-11-27 18:00:00-05:00,93606,92922,41,27,5,11,18
2021-11-28 18:00:00-05:00,93537,93816,46,28,6,11,18
2021-11-29 18:00:00-05:00,104791,102458,41,29,0,11,18
2021-11-30 07:00:00-05:00,101864,103365,35,30,1,11,7
2021-12-01 07:00:00-05:00,100969,100155,39,1,2,12,7
2021-12-02 18:00:00-05:00,92480,93495,58,2,3,12,18
2021-12-03 18:00:00-05:00,93383,93263,50,3,4,12,18
2021-12-04 18:00:00-05:00,89282,88916,48,4,5,12,18
2021-12-05 18:00:00-05:00,91946,90711,51,5,6,12,18
2021-12-06 18:00:00-05:00,99503,97787,50,6,0,12,18
2021-12-07 18:00:00-05:00,108622,107227,37,7,1,12,18
2021-12-08 18:00:00-05:00,107364,107892,40,8,2,12,18
2021-12-09 07:00:00-05:00,109100,107924,32,9,3,12,7
2021-12-10 08:00:00-05:00,97305,99130,44,10,4,12,8
2021-12-11 18:00:00-05:00,88473,86724,59,11,5,12,18
2021-12-12 19:00:00-05:00,96035,92679,46,12,6,12,19
2021-12-13 07:00:00-05:00,105127,100802,38,13,0,12,7
2021-12-14 07:00:00-05:00,103531,102122,39,14,1,12,7
2021-12-15 07:00:00-05:00,98251,97452,44,15,2,12,7
2021-12-16 18:00:00-05:00,92855,93744,58,16,3,12,18
2021-12-17 17:00:00-05:00,93806,92299,54,17,4,12,17
2021-12-18 17:00:00-05:00,90548,89678,50,18,5,12,17
2021-12-19 18:00:00-05:00,99898,98591,41,19,6,12,18
2021-12-20 07:00:00-05:00,109265,106735,32,20,0,12,7
2021-12-21 08:00:00-05:00,108596,108166,33,21,1,12,8
2021-12-22 18:00:00-05:00,105720,108634,37,22,2,12,18
2021-12-23 08:00:00-05:00,105651,110473,32,23,3,12,8
2021-12-24 09:00:00-05:00,86722,90866,44,24,4,12,9
2021-12-25 18:00:00-05:00,77502,86428,58,25,5,12,18
2021-12-26 18:00:00-05:00,86040,88355,49,26,6,12,18
2021-12-27 17:00:00-05:00,96914,99878,49,27,0,12,17
2021-12-28 17:00:00-05:00,96481,98120,50,28,1,12,17
2021-12-29 17:00:00-05:00,93540,96792,50,29,2,12,17
2021-12-30 17:00:00-05:00,91371,95613,55,30,3,12,17
2021-12-31 17:00:00-05:00,86686,87415,57,31,4,12,17
2022-01-01 18:00:00-05:00,83581,86800,61,1,5,1,18
2022-01-02 18:00:00-05:00,91273,92087,48,2,6,1,18
2022-01-03 18:00:00-05:00,112236,110089,32,3,0,1,18
2022-01-04 08:00:00-05:00,113156,112333,32,4,1,1,8
2022-01-05 18:00:00-05:00,107675,106514,39,5,2,1,18
2022-01-06 18:00:00-05:00,112024,111904,37,6,3,1,18
2022-01-07 18:00:00-05:00,118770,114794,32,7,4,1,18
2022-01-08 08:00:00-05:00,112257,110286,32,8,5,1,8
2022-01-09 18:00:00-05:00,102026,99629,44,9,6,1,18
2022-01-10 18:00:00-05:00,116705,114969,32,10,0,1,18
2022-01-11 08:00:00-05:00,121978,119342,32,11,1,1,8
2022-01-12 07:00:00-05:00,116405,115103,32,12,2,1,7
2022-01-13 08:00:00-05:00,107327,107045,33,13,3,1,8
2022-01-14 18:00:00-05:00,105970,105911,39,14,4,1,18
2022-01-15 18:00:00-05:00,112566,109539,33,15,5,1,18
2022-01-16 17:00:00-05:00,113775,103349,40,16,6,1,17
2022-01-17 18:00:00-05:00,114476,112416,37,17,0,1,18
2022-01-18 18:00:00-05:00,111527,111339,35,18,1,1,18
2022-01-19 08:00:00-05:00,109823,108101,36,19,2,1,8
2022-01-20 18:00:00-05:00,116897,119404,32,20,3,1,18
2022-01-21 08:00:00-05:00,124444,122098,32,21,4,1,8
2022-01-22 08:00:00-05:00,118991,117047,32,22,5,1,8
2022-01-23 18:00:00-05:00,108318,110791,33,23,6,1,18
2022-01-24 08:00:00-05:00,115598,116655,32,24,0,1,8
2022-01-25 19:00:00-05:00,112915,115655,37,25,1,1,19
2022-01-26 07:00:00-05:00,122537,122592,32,26,2,1,7
2022-01-27 07:00:00-05:00,129316,126783,32,27,3,1,7
2022-01-28 18:00:00-05:00,113649,113138,37,28,4,1,18
2022-01-29 18:00:00-05:00,119575,117356,32,29,5,1,18
2022-01-30 08:00:00-05:00,114080,114232,32,30,6,1,8
2022-01-31 07:00:00-05:00,121699,119553,32,31,0,1,7
2022-02-01 07:00:00-05:00,117796,115965,32,1,1,2,7
2022-02-02 07:00:00-05:00,111156,108390,35,2,2,2,7
2022-02-03 18:00:00-05:00,104524,104311,45,3,3,2,18
2022-02-04 18:00:00-05:00,107613,108370,37,4,4,2,18
2022-02-05 19:00:00-05:00,111292,110174,32,5,5,2,19
2022-02-06 07:00:00-05:00,109158,107904,32,6,6,2,7
2022-02-07 08:00:00-05:00,112763,112055,32,7,0,2,8
2022-02-08 07:00:00-05:00,112898,112704,32,8,1,2,7
2022-02-09 07:00:00-05:00,111751,108831,34,9,2,2,7
2022-02-10 07:00:00-05:00,103235,102890,40,10,3,2,7
2022-02-11 07:00:00-05:00,105180,102608,36,11,4,2,7
2022-02-12 18:00:00-05:00,92950,94357,43,12,5,2,18
2022-02-13 18:00:00-05:00,105595,105009,37,13,6,2,18
2022-02-14 07:00:00-05:00,117819,114849,32,14,0,2,7
2022-02-15 07:00:00-05:00,123815,120654,32,15,1,2,7
2022-02-16 07:00:00-05:00,110293,109131,38,16,2,2,7
2022-02-17 18:00:00-05:00,95756,93991,62,17,3,2,18
2022-02-18 19:00:00-05:00,103260,101184,38,18,4,2,19
2022-02-19 20:00:00-05:00,104862,101914,32,19,5,2,20
2022-02-20 07:00:00-05:00,103126,102953,32,20,6,2,7
2022-02-21 07:00:00-05:00,101081,103801,36,21,0,2,7
2022-02-22 18:00:00-05:00,93873,93175,61,22,1,2,18
2022-02-23 19:00:00-05:00,96907,95356,50,23,2,2,19
2022-02-24 18:00:00-05:00,107891,105009,40,24,3,2,18
2022-02-25 09:00:00-05:00,105335,101175,40,25,4,2,9
2022-02-26 08:00:00-05:00,98127,99742,32,26,5,2,8
2022-02-27 19:00:00-05:00,93881,94487,45,27,6,2,19
2022-02-28 07:00:00-05:00,104381,106910,32,28,0,2,7
2022-03-01 07:00:00-05:00,102418,105296,36,1,1,3,7
2022-03-02 07:00:00-05:00,96252,97225,40,2,2,3,7
2022-03-03 19:00:00-05:00,98352,100131,40,3,3,3,19
2022-03-04 07:00:00-05:00,105718,107131,33,4,4,3,7
2022-03-05 08:00:00-05:00,88291,89900,44,5,5,3,8
2022-03-06 19:00:00-05:00,82817,83813,71,6,6,3,19
2022-03-07 18:00:00-05:00,92874,94108,64,7,0,3,18
2022-03-08 19:00:00-05:00,95502,93983,48,8,1,3,19
2022-03-09 19:00:00-05:00,98842,98459,48,9,2,3,19
2022-03-10 07:00:00-05:00,101528,102866,37,10,3,3,7
2022-03-11 07:00:00-05:00,99595,100779,38,11,4,3,7
2022-03-12 19:00:00-05:00,110130,106511,32,12,5,3,19
2022-03-13 07:00:00-04:00,103153,102124,32,13,6,3,7
2022-03-14 07:00:00-04:00,105046,104022,34,14,0,3,7
2022-03-15 07:00:00-04:00,95662,94260,41,15,1,3,7
2022-03-16 08:00:00-04:00,90808,87161,42,16,2,3,8
2022-03-17 09:00:00-04:00,86420,85503,50,17,3,3,9
2022-03-18 08:00:00-04:00,85656,83951,50,18,4,3,8
2022-03-19 20:00:00-04:00,80596,80861,60,19,5,3,20
2022-03-20 20:00:00-04:00,81758,81417,56,20,6,3,20
2022-03-21 07:00:00-04:00,91018,88623,42,21,0,3,7
2022-03-22 08:00:00-04:00,86369,87142,50,22,1,3,8
2022-03-23 19:00:00-04:00,88088,87942,61,23,2,3,19
2022-03-24 10:00:00-04:00,88729,86590,54,24,3,3,10
2022-03-25 08:00:00-04:00,89237,87696,47,25,4,3,8
2022-03-26 20:00:00-04:00,88915,86596,46,26,5,3,20
2022-03-27 20:00:00-04:00,95517,93612,39,27,6,3,20
2022-03-28 07:00:00-04:00,107549,107235,32,28,0,3,7
2022-03-29 07:00:00-04:00,110013,111407,32,29,1,3,7
2022-03-30 07:00:00-04:00,99410,101142,38,30,2,3,7
2022-03-31 20:00:00-04:00,87490,87519,60,31,3,3,20
2022-04-01 09:00:00-04:00,88098,87053,46,1,4,4,9
2022-04-02 08:00:00-04:00,85460,85288,38,2,5,4,8
2022-04-03 20:00:00-04:00,84805,84331,50,3,6,4,20
2022-04-04 07:00:00-04:00,94007,93203,41,4,0,4,7
2022-04-05 08:00:00-04:00,89648,90269,48,5,1,4,8
2022-04-06 09:00:00-04:00,86466,86121,56,6,2,4,9
2022-04-07 11:00:00-04:00,89192,85965,50,7,3,4,11
2022-04-08 07:00:00-04:00,89552,87924,46,8,4,4,7
2022-04-09 20:00:00-04:00,83800,84620,46,9,5,4,20
2022-04-10 20:00:00-04:00,82998,83799,52,10,6,4,20
2022-04-11 07:00:00-04:00,91048,90352,45,11,0,4,7
2022-04-12 20:00:00-04:00,85330,85902,67,12,1,4,20
2022-04-13 20:00:00-04:00,88189,90215,72,13,2,4,20
2022-04-14 14:00:00-04:00,87703,88552,72,14,3,4,14
2022-04-15 20:00:00-04:00,77811,82080,68,15,4,4,20
2022-04-16 20:00:00-04:00,77182,78490,63,16,5,4,20
2022-04-17 20:00:00-04:00,76990,81750,53,17,6,4,20
2022-04-18 20:00:00-04:00,94922,91363,52,18,0,4,20
2022-04-19 07:00:00-04:00,93880,92279,43,19,1,4,7
2022-04-20 07:00:00-04:00,94410,94205,43,20,2,4,7
2022-04-21 07:00:00-04:00,84842,85870,54,21,3,4,7
2022-04-22 20:00:00-04:00,81966,80448,70,22,4,4,20
2022-04-23 20:00:00-04:00,80943,81303,73,23,5,4,20
2022-04-24 20:00:00-04:00,85716,86280,73,24,6,4,20
2022-04-25 17:00:00-04:00,88122,87852,71,25,0,4,17
2022-04-26 20:00:00-04:00,84298,85033,64,26,1,4,20
2022-04-27 20:00:00-04:00,86560,86138,53,27,2,4,20
2022-04-28 07:00:00-04:00,89568,88953,43,28,3,4,7
2022-04-29 07:00:00-04:00,86866,86110,46,29,4,4,7
2022-04-30 20:00:00-04:00,75874,75413,66,30,5,4,20
2022-05-01 20:00:00-04:00,78910,77615,65,1,6,5,20
2022-05-02 20:00:00-04:00,86062,85060,70,2,0,5,20
2022-05-03 17:00:00-04:00,86290,86048,77,3,1,5,17
2022-05-04 20:00:00-04:00,85969,86568,68,4,2,5,20
2022-05-05 20:00:00-04:00,84494,84794,69,5,3,5,20
2022-05-06 12:00:00-04:00,85068,82413,64,6,4,5,12
2022-05-07 20:00:00-04:00,78369,78186,57,7,5,5,20
2022-05-08 21:00:00-04:00,77536,78701,57,8,6,5,21
2022-05-09 20:00:00-04:00,85593,85459,65,9,0,5,20
2022-05-10 18:00:00-04:00,93656,89072,75,10,1,5,18
2022-05-11 17:00:00-04:00,99302,92416,80,11,2,5,17
2022-05-12 17:00:00-04:00,101465,99002,81,12,3,5,17
2022-05-13 17:00:00-04:00,100503,98566,82,13,4,5,17
2022-05-14 17:00:00-04:00,92504,91402,80,14,5,5,17
2022-05-15 17:00:00-04:00,95864,95223,86,15,6,5,17
2022-05-16 17:00:00-04:00,97178,98443,78,16,0,5,17
2022-05-17 17:00:00-04:00,93214,94868,78,17,1,5,17
2022-05-18 17:00:00-04:00,88183,90467,78,18,2,5,17
2022-05-19 18:00:00-04:00,100997,102405,86,19,3,5,18
2022-05-20 17:00:00-04:00,112444,117107,90,20,4,5,17
2022-05-21 17:00:00-04:00,112727,118915,92,21,5,5,17
2022-05-22 17:00:00-04:00,103551,104078,85,22,6,5,17
2022-05-23 17:00:00-04:00,89347,91135,74,23,0,5,17
2022-05-24 17:00:00-04:00,86232,87368,72,24,1,5,17
2022-05-25 17:00:00-04:00,93031,89567,75,25,2,5,17
2022-05-26 17:00:00-04:00,93484,93272,74,26,3,5,17
2022-05-27 13:00:00-04:00,91620,91728,75,27,4,5,13
2022-05-28 18:00:00-04:00,86601,88627,77,28,5,5,18
2022-05-29 18:00:00-04:00,98099,99846,86,29,6,5,18
2022-05-30 18:00:00-04:00,118853,118832,87,30,0,5,18
2022-05-31 17:00:00-04:00,138193,139325,93,31,1,5,17
2022-06-01 16:00:00-04:00,126518,127150,92,1,2,6,16
2022-06-02 15:00:00-04:00,113761,114192,82,2,3,6,15
2022-06-03 17:00:00-04:00,104192,102564,79,3,4,6,17
2022-06-04 17:00:00-04:00,96439,95373,84,4,5,6,17
2022-06-05 18:00:00-04:00,96697,97447,81,5,6,6,18
2022-06-06 17:00:00-04:00,106962,110610,86,6,0,6,17
2022-06-07 17:00:00-04:00,102692,106978,79,7,1,6,17
2022-06-08 17:00:00-04:00,114376,109892,85,8,2,6,17
2022-06-09 17:00:00-04:00,105273,107634,83,9,3,6,17
2022-06-10 16:00:00-04:00,99970,101419,83,10,4,6,16
2022-06-11 17:00:00-04:00,89263,91812,78,11,5,6,17
2022-06-12 18:00:00-04:00,100826,99071,80,12,6,6,18
2022-06-13 17:00:00-04:00,135307,125370,92,13,0,6,17
2022-06-14 18:00:00-04:00,130002,132351,89,14,1,6,18
2022-06-15 17:00:00-04:00,139288,137973,90,15,2,6,17
2022-06-16 16:00:00-04:00,130584,134542,90,16,3,6,16
2022-06-17 16:00:00-04:00,132751,135604,92,17,4,6,16
2022-06-18 17:00:00-04:00,89890,93275,78,18,5,6,17
2022-06-19 18:00:00-04:00,89681,92934,80,19,6,6,18
2022-06-20 18:00:00-04:00,108649,108873,86,20,0,6,18
2022-06-21 17:00:00-04:00,128416,123989,90,21,1,6,17
2022-06-22 15:00:00-04:00,127517,126432,90,22,2,6,15
2022-06-23 17:00:00-04:00,111894,111278,82,23,3,6,17
2022-06-24 17:00:00-04:00,122993,117585,87,24,4,6,17
2022-06-25 17:00:00-04:00,119948,124019,95,25,5,6,17
2022-06-26 17:00:00-04:00,120118,120307,91,26,6,6,17
2022-06-27 17:00:00-04:00,113278,113117,84,27,0,6,17
2022-06-28 17:00:00-04:00,112909,109989,86,28,1,6,17
2022-06-29 17:00:00-04:00,125138,122707,87,29,2,6,17
2022-06-30 17:00:00-04:00,136294,136965,95,30,3,6,17
2022-07-01 14:00:00-04:00,132834,136260,94,1,4,7,14
2022-07-02 16:00:00-04:00,123202,124045,88,2,5,7,16
2022-07-03 17:00:00-04:00,118328,123944,93,3,6,7,17
2022-07-04 17:00:00-04:00,118533,126925,90,4,0,7,17
2022-07-05 17:00:00-04:00,128896,139237,95,5,1,7,17
2022-07-06 16:00:00-04:00,127828,133791,92,6,2,7,16
2022-07-07 17:00:00-04:00,126782,124471,87,7,3,7,17
2022-07-08 16:00:00-04:00,120694,121766,90,8,4,7,16
2022-07-09 17:00:00-04:00,103702,100251,80,9,5,7,17
2022-07-10 18:00:00-04:00,110483,106159,86,10,6,7,18
2022-07-11 17:00:00-04:00,128745,126404,88,11,0,7,17
2022-07-12 16:00:00-04:00,136528,133649,91,12,1,7,16
2022-07-13 17:00:00-04:00,132222,131871,91,13,2,7,17
2022-07-14 17:00:00-04:00,129662,131016,91,14,3,7,17
2022-07-15 16:00:00-04:00,121652,125234,86,15,4,7,16
2022-07-16 16:00:00-04:00,113201,117979,87,16,5,7,16
2022-07-17 17:00:00-04:00,111673,115053,89,17,6,7,17
2022-07-18 16:00:00-04:00,131922,130322,90,18,0,7,16
2022-07-19 17:00:00-04:00,141686,140683,93,19,1,7,17
2022-07-20 17:00:00-04:00,147772,147440,95,20,2,7,17
2022-07-21 16:00:00-04:00,145476,148027,93,21,3,7,16
2022-07-22 17:00:00-04:00,144634,146855,94,22,4,7,17
2022-07-23 17:00:00-04:00,133774,141927,95,23,5,7,17
2022-07-24 17:00:00-04:00,139471,142077,95,24,6,7,17
2022-07-25 14:00:00-04:00,132374,140008,91,25,0,7,14
2022-07-26 17:00:00-04:00,115893,119838,84,26,1,7,17
2022-07-27 17:00:00-04:00,127944,128225,86,27,2,7,17
2022-07-28 17:00:00-04:00,137688,135549,91,28,3,7,17
2022-07-29 16:00:00-04:00,122973,123775,86,29,4,7,16
2022-07-30 17:00:00-04:00,119143,117432,86,30,5,7,17
2022-07-31 17:00:00-04:00,111921,117784,85,31,6,7,17
2022-08-01 17:00:00-04:00,125923,127124,87,1,0,8,17
2022-08-02 17:00:00-04:00,140710,136207,92,2,1,8,17
2022-08-03 17:00:00-04:00,142398,143834,95,3,2,8,17
2022-08-04 15:00:00-04:00,142083,141449,92,4,3,8,15
2022-08-05 16:00:00-04:00,136760,136369,91,5,4,8,16
2022-08-06 17:00:00-04:00,132965,130854,87,6,5,8,17
2022-08-07 17:00:00-04:00,133933,132744,93,7,6,8,17
2022-08-08 15:00:00-04:00,143388,143386,84,8,0,8,15
2022-08-09 16:00:00-04:00,140568,138032,90,9,1,8,16
2022-08-10 16:00:00-04:00,130908,129403,86,10,2,8,16
2022-08-11 17:00:00-04:00,126597,124578,90,11,3,8,17
2022-08-12 17:00:00-04:00,114004,112341,85,12,4,8,17
2022-08-13 17:00:00-04:00,101300,102624,86,13,5,8,17
2022-08-14 17:00:00-04:00,98190,100366,84,14,6,8,17
2022-08-15 17:00:00-04:00,109223,105999,78,15,0,8,17
2022-08-16 17:00:00-04:00,113179,110886,84,16,1,8,17
2022-08-17 17:00:00-04:00,112978,113066,85,17,2,8,17
2022-08-18 17:00:00-04:00,120614,118691,86,18,3,8,17
2022-08-19 16:00:00-04:00,126564,126167,91,19,4,8,16
2022-08-20 16:00:00-04:00,118423,117115,90,20,5,8,16
2022-08-21 17:00:00-04:00,108540,110172,83,21,6,8,17
2022-08-22 17:00:00-04:00,121638,115617,85,22,0,8,17
2022-08-23 17:00:00-04:00,126324,120930,86,23,1,8,17
2022-08-24 17:00:00-04:00,130093,128191,92,24,2,8,17
2022-08-25 16:00:00-04:00,128870,132552,92,25,3,8,16
2022-08-26 16:00:00-04:00,129156,127654,91,26,4,8,16
2022-08-27 17:00:00-04:00,121538,119779,92,27,5,8,17
2022-08-28 17:00:00-04:00,128890,126319,95,28,6,8,17
2022-08-29 17:00:00-04:00,137296,137864,92,29,0,8,17
2022-08-30 15:00:00-04:00,130444,131291,90,30,1,8,15
2022-08-31 17:00:00-04:00,122031,122285,86,31,2,8,17
2022-09-01 17:00:00-04:00,126946,125236,92,1,3,9,17
2022-09-02 16:00:00-04:00,122225,126064,88,2,4,9,16
2022-09-03 16:00:00-04:00,113690,118983,92,3,5,9,16
2022-09-04 16:00:00-04:00,109977,113765,90,4,6,9,16
2022-09-05 17:00:00-04:00,107725,108877,83,5,0,9,17
2022-09-06 17:00:00-04:00,112332,111873,80,6,1,9,17
2022-09-07 17:00:00-04:00,106850,106348,77,7,2,9,17
2022-09-08 17:00:00-04:00,111052,109811,86,8,3,9,17
2022-09-09 17:00:00-04:00,114960,113097,86,9,4,9,17
2022-09-10 16:00:00-04:00,103642,103035,85,10,5,9,16
2022-09-11 17:00:00-04:00,97252,95463,78,11,6,9,17
2022-09-12 16:00:00-04:00,109909,106026,82,12,0,9,16
2022-09-13 17:00:00-04:00,105824,102114,77,13,1,9,17
2022-09-14 17:00:00-04:00,105953,104165,85,14,2,9,17
2022-09-15 17:00:00-04:00,105704,103648,81,15,3,9,17
2022-09-16 17:00:00-04:00,105109,106343,86,16,4,9,17
2022-09-17 17:00:00-04:00,101879,106437,86,17,5,9,17
2022-09-18 17:00:00-04:00,110055,111898,86,18,6,9,17
2022-09-19 17:00:00-04:00,115876,120860,86,19,0,9,17
2022-09-20 17:00:00-04:00,117541,120081,87,20,1,9,17
2022-09-21 17:00:00-04:00,121849,124031,89,21,2,9,17
2022-09-22 11:00:00-04:00,96796,96354,75,22,3,9,11
2022-09-23 19:00:00-04:00,80953,83726,64,23,4,9,19
2022-09-24 19:00:00-04:00,78040,78251,71,24,5,9,19
2022-09-25 19:00:00-04:00,82721,82818,70,25,6,9,19
2022-09-26 17:00:00-04:00,88048,90845,74,26,0,9,17
2022-09-27 19:00:00-04:00,85672,86390,66,27,1,9,19
2022-09-28 19:00:00-04:00,85417,85211,66,28,2,9,19
2022-09-29 19:00:00-04:00,84209,84146,67,29,3,9,19
2022-09-30 09:00:00-04:00,82170,81507,58,30,4,9,9
2022-10-01 19:00:00-04:00,78374,77556,64,1,5,10,19
2022-10-02 19:00:00-04:00,79692,78839,63,2,6,10,19
2022-10-03 19:00:00-04:00,87160,86378,63,3,0,10,19
2022-10-04 19:00:00-04:00,87746,86805,63,4,1,10,19
2022-10-05 19:00:00-04:00,86570,86065,66,5,2,10,19
2022-10-06 19:00:00-04:00,86974,86179,70,6,3,10,19
2022-10-07 19:00:00-04:00,83438,83055,66,7,4,10,19
2022-10-08 19:00:00-04:00,76960,78366,60,8,5,10,19
2022-10-09 19:00:00-04:00,78421,78502,62,9,6,10,19
2022-10-10 19:00:00-04:00,85454,84165,64,10,0,10,19
2022-10-11 19:00:00-04:00,86047,85266,70,11,1,10,19
2022-10-12 19:00:00-04:00,86625,87030,71,12,2,10,19
2022-10-13 19:00:00-04:00,86788,86242,66,13,3,10,19
2022-10-14 08:00:00-04:00,83805,82468,54,14,4,10,8
2022-10-15 19:00:00-04:00,77268,77930,63,15,5,10,19
2022-10-16 19:00:00-04:00,80383,78990,65,16,6,10,19
2022-10-17 19:00:00-04:00,88923,88384,59,17,0,10,19
2022-10-18 19:00:00-04:00,91875,91569,50,18,1,10,19
2022-10-19 07:00:00-04:00,92936,94713,41,19,2,10,7
2022-10-20 07:00:00-04:00,95592,96579,40,20,3,10,7
2022-10-21 08:00:00-04:00,92429,90751,41,21,4,10,8
2022-10-22 08:00:00-04:00,79055,76199,50,22,5,10,8
2022-10-23 19:00:00-04:00,81851,81124,68,23,6,10,19
2022-10-24 19:00:00-04:00,87966,89082,68,24,0,10,19
2022-10-25 19:00:00-04:00,87836,89982,68,25,1,10,19
2022-10-26 19:00:00-04:00,87225,88194,63,26,2,10,19
2022-10-27 08:00:00-04:00,85787,85706,52,27,3,10,8
2022-10-28 08:00:00-04:00,89017,88381,46,28,4,10,8
2022-10-29 08:00:00-04:00,79550,79098,41,29,5,10,8
2022-10-30 19:00:00-04:00,80995,79650,59,30,6,10,19
2022-10-31 10:00:00-04:00,84528,84428,58,31,0,10,10
2022-11-01 19:00:00-04:00,87081,87188,65,1,1,11,19
2022-11-02 19:00:00-04:00,86260,86335,60,2,2,11,19
2022-11-03 19:00:00-04:00,85883,86274,62,3,3,11,19
2022-11-04 18:00:00-04:00,84363,84303,69,4,4,11,18
2022-11-05 18:00:00-04:00,81580,82621,73,5,5,11,18
2022-11-06 18:00:00-05:00,84644,84995,71,6,6,11,18
2022-11-07 18:00:00-05:00,89578,91008,63,7,0,11,18
2022-11-08 18:00:00-05:00,88363,87396,57,8,1,11,18
2022-11-09 18:00:00-05:00,89057,87581,59,9,2,11,18
2022-11-10 18:00:00-05:00,87502,86824,66,10,3,11,18
2022-11-11 17:00:00-05:00,88774,84638,69,11,4,11,17
2022-11-12 17:00:00-05:00,85213,80598,57,12,5,11,17
2022-11-13 18:00:00-05:00,91089,87092,46,13,6,11,18
2022-11-14 18:00:00-05:00,98768,98137,41,14,0,11,18
2022-11-15 17:00:00-05:00,102674,96109,46,15,1,11,17
2022-11-16 18:00:00-05:00,100759,98234,46,16,2,11,18
2022-11-17 18:00:00-05:00,105694,101595,40,17,3,11,18
2022-11-18 07:00:00-05:00,105185,104980,32,18,4,11,7
2022-11-19 18:00:00-05:00,98893,96679,38,19,5,11,18
2022-11-20 19:00:00-05:00,104726,102171,32,20,6,11,19
2022-11-21 07:00:00-05:00,112823,110068,32,21,0,11,7
2022-11-22 07:00:00-05:00,106046,106331,32,22,1,11,7
2022-11-23 07:00:00-05:00,100474,102655,37,23,2,11,7
2022-11-24 08:00:00-05:00,87380,87312,40,24,3,11,8
2022-11-25 18:00:00-05:00,84594,90895,50,25,4,11,18
2022-11-26 18:00:00-05:00,84347,82894,51,26,5,11,18
2022-11-27 18:00:00-05:00,87240,84863,58,27,6,11,18
2022-11-28 18:00:00-05:00,96802,95968,50,28,0,11,18
2022-11-29 18:00:00-05:00,97252,94689,54,29,1,11,18
2022-11-30 18:00:00-05:00,101643,97595,50,30,2,11,18
2022-12-01 07:00:00-05:00,106039,103497,32,1,3,12,7
2022-12-02 07:00:00-05:00,108541,105512,33,2,4,12,7
2022-12-03 18:00:00-05:00,90014,91455,50,3,5,12,18
2022-12-04 19:00:00-05:00,100097,96361,39,4,6,12,19
2022-12-05 07:00:00-05:00,110278,105385,32,5,0,12,7
2022-12-06 17:00:00-05:00,99235,98420,55,6,1,12,17
2022-12-07 17:00:00-05:00,95428,93852,58,7,2,12,17
2022-12-08 18:00:00-05:00,97707,95426,49,8,3,12,18
2022-12-09 18:00:00-05:00,98323,98049,44,9,4,12,18
2022-12-10 17:00:00-05:00,94864,94547,45,10,5,12,17
2022-12-11 18:00:00-05:00,96067,96122,48,11,6,12,18
2022-12-12 17:00:00-05:00,106720,104496,41,12,0,12,17
2022-12-13 18:00:00-05:00,107902,107091,41,13,1,12,18
2022-12-14 07:00:00-05:00,109150,108576,35,14,2,12,7
2022-12-15 17:00:00-05:00,106431,104207,43,15,3,12,17
2022-12-16 17:00:00-05:00,103043,103006,41,16,4,12,17
2022-12-17 18:00:00-05:00,100880,101922,37,17,5,12,18
2022-12-18 18:00:00-05:00,106980,106872,37,18,6,12,18
2022-12-19 18:00:00-05:00,114494,112966,37,19,0,12,18
2022-12-20 07:00:00-05:00,113930,114782,32,20,1,12,7
2022-12-21 07:00:00-05:00,116270,115923,32,21,2,12,7
2022-12-22 17:00:00-05:00,106823,106311,46,22,3,12,17
2022-12-23 18:00:00-05:00,134764,123499,32,23,4,12,18
2022-12-24 08:00:00-05:00,129081,119745,32,24,5,12,8
2022-12-25 07:00:00-05:00,116808,111860,32,25,6,12,7
2022-12-26 18:00:00-05:00,114428,114477,32,26,0,12,18
2022-12-27 18:00:00-05:00,111979,114768,33,27,1,12,18
2022-12-28 08:00:00-05:00,110972,113555,32,28,2,12,8
2022-12-29 07:00:00-05:00,102845,106771,37,29,3,12,7
2022-12-30 08:00:00-05:00,91313,97384,44,30,4,12,8
2022-12-31 17:00:00-05:00,87742,89580,55,31,5,12,17
2023-01-01 18:00:00-05:00,84050,88408,52,1,6,1,18
2023-01-02 18:00:00-05:00,89499,88610,58,2,0,1,18
2023-01-03 18:00:00-05:00,92859,92797,65,3,1,1,18
2023-01-04 18:00:00-05:00,92593,93703,63,4,2,1,18
2023-01-05 18:00:00-05:00,95499,95780,53,5,3,1,18
2023-01-06 18:00:00-05:00,99723,101716,46,6,4,1,18
2023-01-07 18:00:00-05:00,95669,98170,46,7,5,1,18
2023-01-08 18:00:00-05:00,99428,101116,41,8,6,1,18
2023-01-09 18:00:00-05:00,104330,105852,41,9,0,1,18
2023-01-10 07:00:00-05:00,108216,105202,33,10,1,1,7
2023-01-11 07:00:00-05:00,107344,104132,36,11,2,1,7
2023-01-12 17:00:00-05:00,98472,97680,55,12,3,1,17
2023-01-13 18:00:00-05:00,102466,101618,43,13,4,1,18
2023-01-14 18:00:00-05:00,105629,101328,38,14,5,1,18
2023-01-15 18:00:00-05:00,100446,100052,40,15,6,1,18
2023-01-16 08:00:00-05:00,105918,108533,33,16,0,1,8
2023-01-17 08:00:00-05:00,99432,100457,43,17,1,1,8
2023-01-18 18:00:00-05:00,97996,98170,49,18,2,1,18
2023-01-19 18:00:00-05:00,98160,97543,50,19,3,1,18
2023-01-20 18:00:00-05:00,100634,100904,45,20,4,1,18
2023-01-21 18:00:00-05:00,97809,98518,39,21,5,1,18
2023-01-22 18:00:00-05:00,100591,100430,41,22,6,1,18
2023-01-23 18:00:00-05:00,108451,106676,40,23,0,1,18
2023-01-24 07:00:00-05:00,109102,107892,32,24,1,1,7
2023-01-25 11:00:00-05:00,105665,103720,41,25,2,1,11
2023-01-26 18:00:00-05:00,107073,105697,38,26,3,1,18
2023-01-27 07:00:00-05:00,108728,107080,36,27,4,1,7
2023-01-28 08:00:00-05:00,94378,95823,39,28,5,1,8
2023-01-29 18:00:00-05:00,95335,94405,47,29,6,1,18
2023-01-30 18:00:00-05:00,101071,103820,49,30,0,1,18
2023-01-31 18:00:00-05:00,110141,111437,38,31,1,1,18
2023-02-01 08:00:00-05:00,112593,112877,32,1,2,2,8
2023-02-02 07:00:00-05:00,112733,114939,32,2,3,2,7
2023-02-03 19:00:00-05:00,121265,121185,37,3,4,2,19
2023-02-04 07:00:00-05:00,117703,115115,32,4,5,2,7
2023-02-05 08:00:00-05:00,96010,94937,36,5,6,2,8
2023-02-06 18:00:00-05:00,102177,101093,46,6,0,2,18
2023-02-07 07:00:00-05:00,108480,103557,37,7,1,2,7
2023-02-08 07:00:00-05:00,98053,97218,45,8,2,2,7
2023-02-09 08:00:00-05:00,94906,95288,46,9,3,2,8
2023-02-10 18:00:00-05:00,92373,94257,51,10,4,2,18
2023-02-11 19:00:00-05:00,90975,93342,41,11,5,2,19
2023-02-12 18:00:00-05:00,93164,93412,49,12,6,2,18
2023-02-13 07:00:00-05:00,100776,102019,38,13,0,2,7
2023-02-14 07:00:00-05:00,100864,100208,38,14,1,2,7
2023-02-15 08:00:00-05:00,90157,91367,53,15,2,2,8
2023-02-16 18:00:00-05:00,92516,90509,65,16,3,2,18
2023-02-17 18:00:00-05:00,100205,96076,45,17,4,2,18
2023-02-18 07:00:00-05:00,97705,95649,32,18,5,2,7
2023-02-19 08:00:00-05:00,87182,89185,41,19,6,2,8
2023-02-20 19:00:00-05:00,92231,94074,50,20,0,2,19
2023-02-21 19:00:00-05:00,93718,94219,48,21,1,2,19
2023-02-22 18:00:00-05:00,96985,94473,56,22,2,2,18
2023-02-23 19:00:00-05:00,90681,90654,64,23,3,2,19
2023-02-24 19:00:00-05:00,94485,95827,41,24,4,2,19
2023-02-25 19:00:00-05:00,94128,95565,43,25,5,2,19
2023-02-26 19:00:00-05:00,89070,89634,50,26,6,2,19
2023-02-27 07:00:00-05:00,97806,98428,38,27,0,2,7
2023-02-28 08:00:00-05:00,94575,94385,44,28,1,2,8
2023-03-01 07:00:00-05:00,97587,96870,37,1,2,3,7
2023-03-02 19:00:00-05:00,91302,91308,54,2,3,3,19
2023-03-03 17:00:00-05:00,97331,92957,51,3,4,3,17
2023-03-04 19:00:00-05:00,86101,86993,50,4,5,3,19
2023-03-05 19:00:00-05:00,86017,87714,50,5,6,3,19
2023-03-06 07:00:00-05:00,94919,96218,41,6,0,3,7
2023-03-07 19:00:00-05:00,97419,97712,42,7,1,3,19
2023-03-08 07:00:00-05:00,100817,103493,33,8,2,3,7
2023-03-09 07:00:00-05:00,99609,104794,33,9,3,3,7
2023-03-10 18:00:00-05:00,97805,98008,47,10,4,3,18
2023-03-11 19:00:00-05:00,92656,92616,46,11,5,3,19
2023-03-12 20:00:00-04:00,96011,93488,47,12,6,3,20
2023-03-13 09:00:00-04:00,101638,99189,40,13,0,3,9
2023-03-14 20:00:00-04:00,107417,103787,38,14,1,3,20
2023-03-15 07:00:00-04:00,111024,108072,32,15,2,3,7
2023-03-16 07:00:00-04:00,104807,103178,34,16,3,3,7
2023-03-17 08:00:00-04:00,92018,90821,50,17,4,3,8
2023-03-18 20:00:00-04:00,92092,90337,43,18,5,3,20
2023-03-19 20:00:00-04:00,97658,96314,38,19,6,3,20
2023-03-20 07:00:00-04:00,110875,107714,32,20,0,3,7
2023-03-21 07:00:00-04:00,105909,103926,33,21,1,3,7
2023-03-22 08:00:00-04:00,93176,93842,47,22,2,3,8
2023-03-23 10:00:00-04:00,87955,86102,59,23,3,3,10
2023-03-24 10:00:00-04:00,88412,87079,50,24,4,3,10
2023-03-25 11:00:00-04:00,85126,80032,53,25,5,3,11
2023-03-26 20:00:00-04:00,81005,81286,56,26,6,3,20
2023-03-27 07:00:00-04:00,88698,89525,48,27,0,3,7
2023-03-28 08:00:00-04:00,91341,93266,45,28,1,3,8
2023-03-29 07:00:00-04:00,95519,96066,39,29,2,3,7
2023-03-30 07:00:00-04:00,97811,99810,37,30,3,3,7
2023-03-31 08:00:00-04:00,92217,91888,45,31,4,3,8
2023-04-01 20:00:00-04:00,79288,80332,58,1,5,4,20
2023-04-02 20:00:00-04:00,82101,81661,50,2,6,4,20
2023-04-03 07:00:00-04:00,91562,91574,44,3,0,4,7
2023-04-04 20:00:00-04:00,87230,86246,69,4,1,4,20
2023-04-05 17:00:00-04:00,89866,91816,76,5,2,4,17
2023-04-06 17:00:00-04:00,88881,89299,68,6,3,4,17
2023-04-07 20:00:00-04:00,81341,83373,56,7,4,4,20
2023-04-08 20:00:00-04:00,80374,80729,52,8,5,4,20
2023-04-09 07:00:00-04:00,78040,76588,41,9,6,4,7
2023-04-10 07:00:00-04:00,88379,90774,41,10,0,4,7
2023-04-11 07:00:00-04:00,86202,86081,48,11,1,4,7
2023-04-12 18:00:00-04:00,90242,88395,75,12,2,4,18
2023-04-13 18:00:00-04:00,97898,98752,80,13,3,4,18
2023-04-14 17:00:00-04:00,93270,97129,81,14,4,4,17
2023-04-15 17:00:00-04:00,85722,85052,80,15,5,4,17
2023-04-16 20:00:00-04:00,83521,84916,72,16,6,4,20
2023-04-17 20:00:00-04:00,86689,87070,64,17,0,4,20
2023-04-18 08:00:00-04:00,84714,85783,50,18,1,4,8
2023-04-19 07:00:00-04:00,85089,85745,49,19,2,4,7
2023-04-20 18:00:00-04:00,90888,89294,82,20,3,4,18
2023-04-21 17:00:00-04:00,89996,90493,81,21,4,4,17
2023-04-22 20:00:00-04:00,77536,78173,64,22,5,4,20
2023-04-23 20:00:00-04:00,80561,79377,58,23,6,4,20
2023-04-24 08:00:00-04:00,85563,87485,49,24,0,4,8
2023-04-25 07:00:00-04:00,88315,89057,48,25,1,4,7
2023-04-26 07:00:00-04:00,86450,86657,49,26,2,4,7
2023-04-27 08:00:00-04:00,84752,84577,50,27,3,4,8
2023-04-28 11:00:00-04:00,84121,81710,62,28,4,4,11
2023-04-29 20:00:00-04:00,76986,77065,63,29,5,4,20
2023-04-30 20:00:00-04:00,80154,78622,63,30,6,4,20
2023-05-01 20:00:00-04:00,87417,86646,57,1,0,5,20
2023-05-02 20:00:00-04:00,87507,88182,52,2,1,5,20
2023-05-03 08:00:00-04:00,87731,88485,49,3,2,5,8
2023-05-04 07:00:00-04:00,86469,86933,50,4,3,5,7
2023-05-05 07:00:00-04:00,82873,83275,52,5,4,5,7
2023-05-06 20:00:00-04:00,77353,77137,72,6,5,5,20
2023-05-07 20:00:00-04:00,82912,81842,72,7,6,5,20
2023-05-08 18:00:00-04:00,92353,90446,77,8,0,5,18
2023-05-09 18:00:00-04:00,85365,85392,70,9,1,5,18
2023-05-10 18:00:00-04:00,87314,87207,78,10,2,5,18
2023-05-11 18:00:00-04:00,95216,93215,85,11,3,5,18
2023-05-12 17:00:00-04:00,99492,97792,82,12,4,5,17
2023-05-13 17:00:00-04:00,84599,87555,79,13,5,5,17
2023-05-14 18:00:00-04:00,82111,82724,76,14,6,5,18
2023-05-15 18:00:00-04:00,88857,87765,77,15,0,5,18
2023-05-16 17:00:00-04:00,92025,91361,76,16,1,5,17
2023-05-17 17:00:00-04:00,85574,86282,71,17,2,5,17
2023-05-18 20:00:00-04:00,83951,84752,72,18,3,5,20
2023-05-19 17:00:00-04:00,86997,84999,77,19,4,5,17
2023-05-20 18:00:00-04:00,81525,79399,76,20,5,5,18
2023-05-21 18:00:00-04:00,84315,82309,78,21,6,5,18
2023-05-22 17:00:00-04:00,95497,96880,80,22,0,5,17
2023-05-23 17:00:00-04:00,95389,98222,81,23,1,5,17
2023-05-24 17:00:00-04:00,96130,95254,83,24,2,5,17
2023-05-25 18:00:00-04:00,84879,86959,75,25,3,5,18
2023-05-26 18:00:00-04:00,85062,84365,77,26,4,5,18
2023-05-27 18:00:00-04:00,79913,81039,77,27,5,5,18
2023-05-28 18:00:00-04:00,80638,83464,77,28,6,5,18
2023-05-29 18:00:00-04:00,91513,91158,82,29,0,5,18
2023-05-30 17:00:00-04:00,103931,101819,82,30,1,5,17
2023-05-31 17:00:00-04:00,107037,106721,86,31,2,5,17
2023-06-01 17:00:00-04:00,115410,116221,90,1,3,6,17
2023-06-02 17:00:00-04:00,123616,126479,95,2,4,6,17
2023-06-03 16:00:00-04:00,106152,104182,84,3,5,6,16
2023-06-04 18:00:00-04:00,92774,93995,82,4,6,6,18
2023-06-05 17:00:00-04:00,99578,102867,86,5,0,6,17
2023-06-06 17:00:00-04:00,99278,106434,86,6,1,6,17
2023-06-07 17:00:00-04:00,94906,98273,78,7,2,6,17
2023-06-08 17:00:00-04:00,91344,93824,77,8,3,6,17
2023-06-09 17:00:00-04:00,92596,90823,79,9,4,6,17
2023-06-10 18:00:00-04:00,97631,94300,86,10,5,6,18
2023-06-11 17:00:00-04:00,96064,101404,88,11,6,6,17
2023-06-12 17:00:00-04:00,96627,97873,77,12,0,6,17
2023-06-13 17:00:00-04:00,95181,96513,81,13,1,6,17
2023-06-14 18:00:00-04:00,95091,95566,78,14,2,6,18
2023-06-15 17:00:00-04:00,102147,103933,85,15,3,6,17
2023-06-16 17:00:00-04:00,92344,96269,78,16,4,6,17
2023-06-17 17:00:00-04:00,92200,93074,85,17,5,6,17
2023-06-18 17:00:00-04:00,100145,101331,71,18,6,6,17
2023-06-19 17:00:00-04:00,113004,119965,71,19,0,6,17
2023-06-20 17:00:00-04:00,107738,113277,85,20,1,6,17
2023-06-21 17:00:00-04:00,103625,105837,80,21,2,6,17
2023-06-22 17:00:00-04:00,96085,98584,78,22,3,6,17
2023-06-23 17:00:00-04:00,101038,101435,79,23,4,6,17
2023-06-24 18:00:00-04:00,109003,106106,86,24,5,6,18
2023-06-25 17:00:00-04:00,112370,111041,87,25,6,6,17
2023-06-26 17:00:00-04:00,116201,117339,84,26,0,6,17
2023-06-27 17:00:00-04:00,105616,107230,79,27,1,6,17
2023-06-28 17:00:00-04:00,111688,113030,85,28,2,6,17
2023-06-29 17:00:00-04:00,119727,124630,88,29,3,6,17
2023-06-30 16:00:00-04:00,122549,126236,93,30,4,6,16
2023-07-01 17:00:00-04:00,111333,115857,87,1,5,7,17
2023-07-02 17:00:00-04:00,115139,113237,86,2,6,7,17
2023-07-03 17:00:00-04:00,124290,129636,86,3,0,7,17
2023-07-04 17:00:00-04:00,123772,123572,88,4,1,7,17
2023-07-05 17:00:00-04:00,138175,137748,94,5,2,7,17
2023-07-06 17:00:00-04:00,134965,131177,86,6,3,7,17
2023-07-07 16:00:00-04:00,129669,126475,87,7,4,7,16
2023-07-08 16:00:00-04:00,114938,114216,85,8,5,7,16
2023-07-09 16:00:00-04:00,107783,106679,84,9,6,7,16
2023-07-10 17:00:00-04:00,127356,120829,86,10,0,7,17
2023-07-11 17:00:00-04:00,130769,131894,92,11,1,7,17
2023-07-12 17:00:00-04:00,131240,134617,92,12,2,7,17
2023-07-13 17:00:00-04:00,136347,138772,91,13,3,7,17
2023-07-14 16:00:00-04:00,136911,128676,87,14,4,7,16
2023-07-15 16:00:00-04:00,123744,121881,90,15,5,7,16
2023-07-16 17:00:00-04:00,117197,122972,87,16,6,7,17
2023-07-17 17:00:00-04:00,131105,134024,90,17,0,7,17
2023-07-18 17:00:00-04:00,129299,129856,87,18,1,7,17
2023-07-19 17:00:00-04:00,127450,128955,86,19,2,7,17
2023-07-20 17:00:00-04:00,134410,130868,86,20,3,7,17
2023-07-21 17:00:00-04:00,124005,121957,86,21,4,7,17
2023-07-22 17:00:00-04:00,113143,113505,86,22,5,7,17
2023-07-23 17:00:00-04:00,119959,119740,86,23,6,7,17
2023-07-24 17:00:00-04:00,131850,132213,87,24,0,7,17
2023-07-25 17:00:00-04:00,130119,137400,88,25,1,7,17
2023-07-26 17:00:00-04:00,137682,144300,95,26,2,7,17
2023-07-27 17:00:00-04:00,147175,150381,95,27,3,7,17
2023-07-28 17:00:00-04:00,144782,151643,95,28,4,7,17
2023-07-29 16:00:00-04:00,130530,132701,92,29,5,7,16
2023-07-30 17:00:00-04:00,114718,117183,86,30,6,7,17
2023-07-31 17:00:00-04:00,120871,120065,86,31,0,7,17
2023-08-01 17:00:00-04:00,116401,119295,86,1,1,8,17
2023-08-02 17:00:00-04:00,118982,122567,87,2,2,8,17
2023-08-03 16:00:00-04:00,118575,124744,86,3,3,8,16
2023-08-04 17:00:00-04:00,120389,120345,83,4,4,8,17
2023-08-05 17:00:00-04:00,114152,119789,87,5,5,8,17
2023-08-06 17:00:00-04:00,117547,118897,86,6,6,8,17
2023-08-07 16:00:00-04:00,122891,121942,85,7,0,8,16
2023-08-08 17:00:00-04:00,118470,120266,86,8,1,8,17
2023-08-09 17:00:00-04:00,123415,124798,86,9,2,8,17
2023-08-10 17:00:00-04:00,116011,115867,81,10,3,8,17
2023-08-11 17:00:00-04:00,125670,123355,87,11,4,8,17
2023-08-12 17:00:00-04:00,124214,123829,92,12,5,8,17
2023-08-13 17:00:00-04:00,124354,124330,91,13,6,8,17
2023-08-14 16:00:00-04:00,123097,121048,84,14,0,8,16
2023-08-15 16:00:00-04:00,122422,118988,84,15,1,8,16
2023-08-16 17:00:00-04:00,121412,119232,86,16,2,8,17
2023-08-17 16:00:00-04:00,124353,122871,86,17,3,8,16
2023-08-18 17:00:00-04:00,112512,112919,84,18,4,8,17
2023-08-19 17:00:00-04:00,105499,102937,86,19,5,8,17
2023-08-20 17:00:00-04:00,125101,121549,90,20,6,8,17
2023-08-21 17:00:00-04:00,137841,137961,94,21,0,8,17
2023-08-22 17:00:00-04:00,126198,125505,88,22,1,8,17
2023-08-23 17:00:00-04:00,125267,127503,89,23,2,8,17
2023-08-24 17:00:00-04:00,126675,129192,85,24,3,8,17
2023-08-25 17:00:00-04:00,129142,129500,89,25,4,8,17
2023-08-26 17:00:00-04:00,121577,119193,86,26,5,8,17
2023-08-27 17:00:00-04:00,113377,107061,85,27,6,8,17
2023-08-28 17:00:00-04:00,112736,111717,80,28,0,8,17
2023-08-29 17:00:00-04:00,117086,114951,86,29,1,8,17
2023-08-30 16:00:00-04:00,112233,111794,83,30,2,8,16
2023-08-31 17:00:00-04:00,104911,103848,78,31,3,8,17
2023-09-01 17:00:00-04:00,107963,104653,82,1,4,9,17
2023-09-02 17:00:00-04:00,112011,109280,88,2,5,9,17
2023-09-03 17:00:00-04:00,128479,128666,95,3,6,9,17
2023-09-04 17:00:00-04:00,138721,139777,95,4,0,9,17
2023-09-05 16:00:00-04:00,146441,152035,95,5,1,9,16
2023-09-06 16:00:00-04:00,141482,146399,92,6,2,9,16
2023-09-07 15:00:00-04:00,130365,134306,90,7,3,9,15
2023-09-08 15:00:00-04:00,121981,123408,88,8,4,9,15
2023-09-09 14:00:00-04:00,106303,103254,83,9,5,9,14
2023-09-10 17:00:00-04:00,103614,101946,79,10,6,9,17
2023-09-11 17:00:00-04:00,115160,113452,85,11,0,9,17
2023-09-12 17:00:00-04:00,113002,111066,82,12,1,9,17
2023-09-13 17:00:00-04:00,107853,101881,77,13,2,9,17
2023-09-14 17:00:00-04:00,101099,98439,78,14,3,9,17
2023-09-15 17:00:00-04:00,93936,95449,78,15,4,9,17
2023-09-16 17:00:00-04:00,88394,90489,79,16,5,9,17
2023-09-17 19:00:00-04:00,86651,86356,71,17,6,9,19
2023-09-18 17:00:00-04:00,93099,94904,77,18,0,9,17
2023-09-19 17:00:00-04:00,92724,95053,78,19,1,9,17
2023-09-20 17:00:00-04:00,98454,99940,81,20,2,9,17
2023-09-21 17:00:00-04:00,98707,101371,80,21,3,9,17
2023-09-22 16:00:00-04:00,93211,97205,80,22,4,9,16
2023-09-23 17:00:00-04:00,83917,84584,72,23,5,9,17
2023-09-24 19:00:00-04:00,86113,84764,72,24,6,9,19
2023-09-25 19:00:00-04:00,91589,91954,72,25,0,9,19
2023-09-26 19:00:00-04:00,90680,91503,72,26,1,9,19
2023-09-27 19:00:00-04:00,88760,89412,71,27,2,9,19
2023-09-28 19:00:00-04:00,88773,88569,71,28,3,9,19
2023-09-29 17:00:00-04:00,89594,89734,74,29,4,9,17
2023-09-30 17:00:00-04:00,88076,85792,75,30,5,9,17
2023-10-01 17:00:00-04:00,95245,92925,80,1,6,10,17
2023-10-02 17:00:00-04:00,107605,106605,86,2,0,10,17
2023-10-03 17:00:00-04:00,111521,111099,86,3,1,10,17
2023-10-04 16:00:00-04:00,109697,110180,86,4,2,10,16
2023-10-05 16:00:00-04:00,98553,101093,84,5,3,10,16
2023-10-06 16:00:00-04:00,93900,94058,77,6,4,10,16
2023-10-07 19:00:00-04:00,77336,79790,66,7,5,10,19
2023-10-08 19:00:00-04:00,79336,79854,61,8,6,10,19
2023-10-09 19:00:00-04:00,86139,85905,62,9,0,10,19
2023-10-10 19:00:00-04:00,85959,85104,62,10,1,10,19
2023-10-11 19:00:00-04:00,86232,84089,68,11,2,10,19
2023-10-12 19:00:00-04:00,86813,85496,70,12,3,10,19
2023-10-13 19:00:00-04:00,83532,83286,70,13,4,10,19
2023-10-14 19:00:00-04:00,79813,78590,62,14,5,10,19
2023-10-15 19:00:00-04:00,80839,79893,57,15,6,10,19
2023-10-16 19:00:00-04:00,87777,86957,58,16,0,10,19
2023-10-17 19:00:00-04:00,87019,86119,59,17,1,10,19
2023-10-18 19:00:00-04:00,86523,85436,60,18,2,10,19
2023-10-19 19:00:00-04:00,86286,85284,64,19,3,10,19
2023-10-20 10:00:00-04:00,83784,82278,63,20,4,10,10
2023-10-21 19:00:00-04:00,78706,78408,59,21,5,10,19
2023-10-22 19:00:00-04:00,81308,80600,55,22,6,10,19
2023-10-23 08:00:00-04:00,89241,87846,46,23,0,10,8
2023-10-24 07:00:00-04:00,89187,87602,51,24,1,10,7
2023-10-25 19:00:00-04:00,87638,86531,67,25,2,10,19
2023-10-26 19:00:00-04:00,88861,90098,69,26,3,10,19
2023-10-27 17:00:00-04:00,87771,91526,75,27,4,10,17
2023-10-28 18:00:00-04:00,83901,86476,71,28,5,10,18
2023-10-29 19:00:00-04:00,84570,83613,63,29,6,10,19
2023-10-30 18:00:00-04:00,90977,89782,54,30,0,10,18
2023-10-31 08:00:00-04:00,91176,91512,43,31,1,10,8
2023-11-01 19:00:00-04:00,97287,95110,46,1,2,11,19
2023-11-02 07:00:00-04:00,103221,102178,33,2,3,11,7
2023-11-03 08:00:00-04:00,100108,97522,41,3,4,11,8
2023-11-04 08:00:00-04:00,84312,81534,44,4,5,11,8
2023-11-05 18:00:00-05:00,82597,80269,57,5,6,11,18
2023-11-06 18:00:00-05:00,89594,88453,62,6,0,11,18
2023-11-07 18:00:00-05:00,89648,87657,64,7,1,11,18
2023-11-08 18:00:00-05:00,90490,88528,61,8,2,11,18
2023-11-09 18:00:00-05:00,89140,87799,63,9,3,11,18
2023-11-10 18:00:00-05:00,90212,89264,51,10,4,11,18
2023-11-11 18:00:00-05:00,85355,85038,50,11,5,11,18
2023-11-12 19:00:00-05:00,88571,88252,50,12,6,11,19
2023-11-13 07:00:00-05:00,99413,97767,41,13,0,11,7
2023-11-14 07:00:00-05:00,96365,95317,41,14,1,11,7
2023-11-15 07:00:00-05:00,97813,97332,41,15,2,11,7
2023-11-16 07:00:00-05:00,94731,93746,41,16,3,11,7
2023-11-17 17:00:00-05:00,88311,86668,63,17,4,11,17
2023-11-18 18:00:00-05:00,85455,84837,50,18,5,11,18
2023-11-19 18:00:00-05:00,87562,86288,50,19,6,11,18
2023-11-20 18:00:00-05:00,97818,97075,50,20,0,11,18
2023-11-21 17:00:00-05:00,98639,94520,52,21,1,11,17
2023-11-22 17:00:00-05:00,93485,93294,54,22,2,11,17
2023-11-23 08:00:00-05:00,82211,83512,46,23,3,11,8
2023-11-24 18:00:00-05:00,90392,91630,46,24,4,11,18
2023-11-25 19:00:00-05:00,93054,93151,41,25,5,11,19
2023-11-26 18:00:00-05:00,94155,92035,49,26,6,11,18
2023-11-27 18:00:00-05:00,106857,104086,40,27,0,11,18
2023-11-28 18:00:00-05:00,115966,111163,37,28,1,11,18
2023-11-29 07:00:00-05:00,117226,115232,32,29,2,11,7
2023-11-30 07:00:00-05:00,109422,109214,32,30,3,11,7
2023-12-01 08:00:00-05:00,99010,97701,41,1,4,12,8
2023-12-02 17:00:00-05:00,87674,85772,57,2,5,12,17
2023-12-03 18:00:00-05:00,90644,86774,55,3,6,12,18
2023-12-04 18:00:00-05:00,100289,98332,48,4,0,12,18
2023-12-05 18:00:00-05:00,103098,102393,46,5,1,12,18
2023-12-06 18:00:00-05:00,107496,105448,41,6,2,12,18
2023-12-07 07:00:00-05:00,107365,105315,36,7,3,12,7
2023-12-08 07:00:00-05:00,102246,100794,41,8,4,12,7
2020-01-01 01:00:00-05:00,77571,79636,38,1,2,1,1
2023-12-10 18:00:00-05:00,93948,92957,52,10,6,12,18
2023-12-11 18:00:00-05:00,108400,105786,41,11,0,12,18
2023-12-12 07:00:00-05:00,111887,109049,32,12,1,12,7
2023-12-13 07:00:00-05:00,108342,108395,37,13,2,12,7
2023-12-14 07:00:00-05:00,112374,111339,32,14,3,12,7
2023-12-15 07:00:00-05:00,108833,107773,37,15,4,12,7
2023-12-16 08:00:00-05:00,94778,92971,40,16,5,12,8
2023-12-17 18:00:00-05:00,93227,92260,54,17,6,12,18
2023-12-18 18:00:00-05:00,106712,104063,45,18,0,12,18
2023-12-19 18:00:00-05:00,112690,111597,38,19,1,12,18
2023-12-20 07:00:00-05:00,114038,114342,32,20,2,12,7
2023-12-21 07:00:00-05:00,107843,110453,37,21,3,12,7
2023-12-22 08:00:00-05:00,103421,106587,36,22,4,12,8
2023-12-23 17:00:00-05:00,92232,93295,50,23,5,12,17
2023-12-24 17:00:00-05:00,84695,89997,54,24,6,12,17
2023-12-25 18:00:00-05:00,81836,83434,54,25,0,12,18
2023-12-26 18:00:00-05:00,92033,95047,52,26,1,12,18
2023-12-27 17:00:00-05:00,94234,96016,55,27,2,12,17
2023-12-28 18:00:00-05:00,94786,96708,52,28,3,12,18
2023-12-29 17:00:00-05:00,95762,99429,46,29,4,12,17
2023-12-30 18:00:00-05:00,95470,95086,46,30,5,12,18
2023-12-31 17:00:00-05:00,94614,95606,46,31,6,12,17
